id,feature_0,feature_1,labels
0,7.647358584956258,-1.924192614887589,0
1,7.2996353044273246,6.567091615046124,1
2,6.871232341450677,1.0997470497486548,0
3,6.66710841646759,8.972409347729716,1
4,7.388562671184051,7.507230606864107,1
5,6.72509276567153,-0.08645931727578099,0
6,5.126414558102935,6.928031445360682,1
7,6.0784035110670835,6.670197745681571,1
8,8.261383945836657,-0.9442010022160257,0
9,9.38427292469298,-0.14372048570223506,0
10,5.607537005764503,8.572267050989856,1
11,7.489517599807513,8.979810237180399,1
12,6.720272656517533,7.772606645376415,1
13,8.181118426618571,2.531568239037151,0
14,8.619698596412473,1.2067739864918854,0
15,7.008586428199864,-0.1462432371078406,0
16,6.721447933753429,7.681653428280306,1
17,8.182898416382203,-0.1318026239385684,0
18,7.905779271857679,0.6429698821052621,0
19,6.985545600765206,8.748991808289036,1
20,6.740375847377206,1.6380101435837937,0
21,7.88350112747605,-0.5503101587569045,0
22,7.307130203407483,-1.191731973382547,0
23,9.167070073814896,-0.19875968310220304,0
24,5.460231832943674,0.412101342727752,0
25,8.096397650214882,2.313128330311535,0
26,9.125363567241843,0.6711392241981546,0
27,7.870078545582973,0.08772472606306936,0
28,4.971351845189911,6.3174573749728005,1
29,5.819829124827805,6.605228307639348,1
30,7.54913114199006,-0.9412927708138454,0
31,8.493252742118704,1.266336515305205,0
32,5.970736274645097,7.404627259788954,1
33,7.877110685345892,1.0370319779912565,0
34,5.899981364519455,6.6272178734193,1
35,6.072142828572127,7.184846328738611,1
36,9.015161744551614,0.8018803276172046,0
37,5.927501291315639,7.651996989977892,1
38,7.056904949526745,7.799228287658014,1
39,4.312167536147037,8.424409953325949,1
40,7.144891262468402,1.2167155332529986,0
41,5.8647236413364965,7.434731095863834,1
42,5.889641467626151,6.432336847419435,1
43,7.487808744092204,9.882888181079478,1
44,8.331956005569507,-0.19716625644106228,0
45,8.276128225422966,0.8349704622174059,0
46,6.556742779925337,-0.17794140828740185,0
47,6.2810908092283,5.756168369735195,1
48,6.041950935636271,6.498167516093339,1
49,6.996532388414321,7.786013587152895,1
50,8.090959518632802,1.8219274677394799,0
51,6.330239026464362,7.335643334988089,1
52,7.671314972960573,7.927961234374827,1
53,5.916989454961385,8.758695471578866,1
54,7.278526684137398,8.113530074715511,1
55,7.440146686276734,6.8448399002856934,1
56,6.360879981561345,-0.7222987970721503,0
57,5.670702290212278,8.55027611278695,1
58,4.526920775545188,7.234588779855014,1
59,6.5301436495547085,8.744899000866036,1
60,7.553400810696251,6.970187431194771,1
61,5.874031853950594,1.3169008103741107,0
62,8.949139917699108,1.3982136663699714,0
63,8.483625403071624,-0.7203880075442327,0
64,4.057670345874815,8.123908652781827,1
65,6.252932597509962,8.270433884915192,1
66,7.070698630202643,6.6253221018936985,1
67,6.8418269497826385,-0.7603041623632149,0
68,7.310682036302651,6.7672617403774895,1
69,7.560890678310758,6.420419937848461,1
70,8.417085153504116,-0.3974682243275941,0
71,6.748140762150697,1.235793571576719,0
72,7.583339342193503,-0.08556944564980046,0
73,7.31151629731154,-0.279319221478395,0
74,8.598981290272357,0.47191418522472695,0
75,5.791181631564405,8.456124799211576,1
76,6.846807314155898,8.984929268965004,1
77,7.099153271053362,-0.0871895052069005,0
78,4.246833218706819,8.080843730419755,1
79,5.69780422416932,7.507840453205803,1
80,7.116166362138096,8.518411707182937,1
81,7.056081345082363,0.8075206173203805,0
82,5.688923520240404,6.903612946460531,1
83,6.7235567885833225,6.342263052759187,1
84,7.371821916359828,6.503697173843421,1
85,6.734345023673324,0.4839226328262612,0
86,7.6497028638978835,0.6880869565490699,0
87,5.774770823939542,9.198473706321415,1
88,8.91610935492765,1.1780790202628815,0
89,8.468506390619634,1.0870051841516772,0
90,7.240906765189944,6.012567964684331,1
91,9.931477427341946,0.10140156141952385,0
92,7.562708630285773,8.226117623897126,1
93,8.967464173696186,-0.6827570854029666,0
94,7.848826136710524,-0.007824231453135516,0
95,6.252987684701346,6.302926212867069,1
96,4.233634471498739,8.555627335270025,1
97,7.676823894865245,-0.6394967594508387,0
98,6.218986797570945,-0.08837844699788922,0
99,4.152376221782239,7.773065762251181,1
100,5.73451225380232,8.438394100984036,1
101,9.955072935210767,-0.03896762700312964,0
102,7.278863565796761,5.769466081220282,1
103,6.799455698841818,8.74910789603317,1
104,7.092352100696246,0.9360129582188312,0
105,6.757042515755435,8.313921546373827,1
106,8.19491127200354,1.8420221680721365,0
107,6.732540078087023,5.123533597329535,1
108,7.965289871708884,7.140924028604747,1
109,5.362132514744694,5.9932519045250805,1
110,9.117906198156039,-0.13837174580452322,0
111,5.496376587554336,8.835679698297103,1
112,5.794704266918536,7.787820661677304,1
113,6.523383498674101,1.1409019743956752,0
114,7.231811881038705,-0.6033923170327274,0
115,5.750687915283637,-1.0893426321764004,0
116,5.497347709406394,8.301104452527232,1
117,7.13761498310146,7.973080854021107,1
118,6.002135235513196,0.8198168060925654,0
119,6.691338975249495,7.525761839103036,1
120,9.178719122711156,1.800483784262001,0
121,6.993776122263693,6.213891843329257,1
122,7.415676235136704,0.5556649389577429,0
123,6.688453465622176,0.36791865653657374,0
124,7.425488127926977,7.1115739978806065,1
125,5.886721733612719,8.928035015387431,1
126,7.22380601304728,6.489061459022795,1
127,9.28358105569321,7.81256680306608,1
128,6.254072295988369,5.318035771828002,1
129,8.693280560669443,-2.1880525197977834,0
130,7.340474526678599,7.82601705564057,1
131,7.481024176723369,-0.2942094060008522,0
132,7.974304451379241,-1.161849712063916,0
133,7.790178452941925,7.6715586653026575,1
134,10.363896313561762,-0.27740027104557463,0
135,8.475518780759371,-0.47403798539940634,0
136,5.768954576552362,7.794685691813017,1
137,6.078262296544868,0.6424567681873814,0
138,5.9876779000990235,6.353416944722799,1
139,10.384891521579622,0.27196499366207366,0
140,8.09991752355754,1.259982635815081,0
141,6.961434531103786,-0.22625318847567832,0
142,7.951440045822447,6.061587252391693,1
143,8.224552380301313,0.24405050024433453,0
144,6.985742005036282,1.4802437054621271,0
145,5.553714988942639,7.292270073808776,1
146,6.487370451929404,-0.014273642805478937,0
147,5.187832785179567,7.198818546572958,1
148,7.449819863321441,7.840742325744758,1
149,7.113249914488548,8.957310746146618,1
150,9.208251570871656,1.5816046135619999,0
151,6.65479619385332,6.9903171116701746,1
152,7.311733613295739,1.5496987778490399,0
153,6.8943280258400055,7.827977931038062,1
154,6.759674015050987,0.7955600874028761,0
155,5.980885010590528,-0.6662822235957755,0
156,6.70663787087145,-0.05001413120745113,0
157,7.668256864736372,7.956573779021982,1
158,7.115302823493666,-1.2254511697383956,0
159,5.847384747804017,1.3784048890667615,0
160,7.078652365598852,0.5993839769096834,0
161,7.629837282880058,7.11540209588951,1
162,8.662768998491199,0.9811027422863888,0
163,7.979992447651228,0.733534186537161,0
164,6.4766320117912475,8.611344074670761,1
165,9.151874067599557,-0.7960852224824453,0
166,7.264427293415725,0.6952154317710999,0
167,8.046750093990509,7.738874146860578,1
168,6.815710705920522,6.418710396184199,1
169,7.054766217385095,-0.27151507199856667,0
170,9.72672807410741,0.1249211390601272,0
171,8.557352062870812,1.2226053676143847,0
172,7.208486991514893,6.801264056884067,1
173,6.853536843314348,0.4790898795371526,0
174,4.766675739458798,7.875119923937666,1
175,6.364181063371033,0.7076563445393217,0
176,7.259915429710712,7.99976810452609,1
177,6.277250451883192,6.8435761086161815,1
178,8.266602862989842,1.0353821007297466,0
179,7.941023796512668,0.45669815148035026,0
180,5.9120441520699805,6.774284986442686,1
181,5.726370622030341,7.415576580702474,1
182,7.658731590813757,-1.145080020542177,0
183,6.387164151550342,7.128490919020087,1
184,6.3945533255827645,9.1750543947443,1
185,6.898437639445465,7.157913254847148,1
186,9.053132742625014,0.23682920453718476,0
187,6.591183090744544,5.24616694055001,1
188,7.098891072138157,7.026738142324346,1
189,6.221693499721614,5.99892809022375,1
190,7.111009277361544,6.86313918503213,1
191,6.894001879865858,6.2457675645482,1
192,4.990549126412839,7.362884728304781,1
193,5.037429984584585,7.500482799001392,1
194,6.6370154652537146,-0.8127433553108565,0
195,7.6526068743103455,0.42474771028413305,0
196,5.716822683365085,6.33425190469287,1
197,10.20810784079996,-0.2549280278551941,0
198,8.756098145427096,0.9923752281983285,0
199,6.174172185661202,7.241211451295069,1
200,6.5122278207149655,1.053704588865059,0
201,7.401592771824912,7.950807688568909,1
202,5.630455885760514,9.293600579908402,1
203,5.663595905839264,0.617212819123174,0
204,7.704617967710281,0.0060420780979279776,0
205,8.156606336239193,5.8873781468232576,1
206,6.4395413364645675,0.44772692030412287,0
207,7.632084248850513,-0.3217765874054732,0
208,7.058504583014011,5.839668854323403,1
209,5.731740940861427,8.026080324997409,1
210,7.006134985600296,0.7541843311285494,0
211,5.552272348274482,7.0792803694627064,1
212,6.881407229867751,0.8007087248834638,0
213,6.516771147613771,7.44309241094652,1
214,3.727679670704207,7.85216003862507,1
215,5.677966248975949,-0.08288674430492571,0
216,8.722568826606064,7.461915445596047,1
217,8.670917672355147,1.0227401750224336,0
218,7.34766686485616,-0.34664452697448134,0
219,7.784391803107326,-0.8874164927104489,0
220,7.299086935347237,0.07870575151073686,0
221,7.762998797830178,1.2285014216652221,0
222,5.806460184189905,8.379017354262253,1
223,5.473019678265749,7.001584238949428,1
224,6.1837097319771885,7.375164989451538,1
225,4.67140130302649,7.747907221777352,1
226,7.4596484146402995,0.39964178668820843,0
227,8.534166720569111,8.109293499183922,1
228,6.877697928697208,0.4179702219734016,0
229,6.579685040013058,7.327472763374007,1
230,7.267904021848813,-2.2224046215724043,0
231,8.214842968707414,-0.7198426044606787,0
232,8.605770464182955,0.2185421903698132,0
233,6.64148236931693,6.8099449832877745,1
234,8.6557068416076,-2.772077277467119,0
235,6.106000068891572,7.488410909586457,1
236,6.742943167098215,1.3888713253824057,0
237,7.822639688450006,0.422797428613283,0
238,5.936591635489897,-1.6371461522187667,0
239,5.811270503728768,8.362586817135256,1
240,7.578515004211405,6.676171291582846,1
241,5.028446267898597,6.367083543523444,1
242,7.879898033647564,8.622401287166108,1
243,6.0833816664170834,8.065885289782726,1
244,6.593749379976205,7.539678167566827,1
245,8.869895362775724,0.8168017598763788,0
246,8.660332510842647,-0.8147911986833798,0
247,7.671470681341068,7.7162560538458616,1
248,6.48306451499139,-0.1573922635414361,0
249,8.549940363338933,0.0383316865621014,0
250,5.418103103704836,-0.9884098178695027,0
251,8.17200682500466,-0.23703452745372994,0
252,5.5363717201515845,6.688354830995129,1
253,7.3460917688611485,-0.08006495853695439,0
254,5.616988794939146,5.159100369978146,1
255,6.993715316792892,0.22118380677124094,0
256,6.129236729775608,9.294434676610855,1
257,9.166298989075665,-0.769681091641352,0
258,8.132820456639442,-0.10781278598828764,0
259,5.291933134936802,7.378382812461959,1
260,7.8144015173143595,0.10071673232917461,0
261,6.060392257117811,7.595489000111406,1
262,10.071363582754062,1.247534078978726,0
263,7.627587697702948,0.007665186433550103,0
264,7.709234312940282,-1.2728904481855698,0
265,7.640239495823415,-0.7348736335029233,0
266,7.764762920245151,-0.8992103745334108,0
267,8.71998922688176,1.0361343243467365,0
268,6.021238503890651,0.8239704159988882,0
269,7.237561298464899,0.9997092462895418,0
270,5.672016322769143,7.392726512888907,1
271,6.589452229690743,-1.6498386721959037,0
272,7.258783552889914,7.339269356138151,1
273,7.0004069958404,-0.053339984960160014,0
274,6.178799153669688,1.267582378864818,0
275,7.344541757235064,5.828274225724121,1
276,6.553766368379621,7.838256860577049,1
277,5.672520471620056,7.640600590572815,1
278,8.2156122401213,0.8189423050532292,0
279,4.624356588931037,7.770238676612384,1
280,7.758847025804249,8.124191449509903,1
281,8.088511983723581,0.12360424941280902,0
282,5.770360390385299,7.356089599721436,1
283,5.120871894684555,8.4702783150603,1
284,4.559510576423591,6.764294700191951,1
285,6.388675732567354,5.861745201737261,1
286,8.261634498963284,0.8107185438246068,0
287,6.65470794495088,1.5843178354836598,0
288,6.6467726133485305,6.355797668504002,1
289,5.723972297945038,7.003628110726821,1
290,5.3873806774092525,8.762012186546297,1
291,7.296757815124884,-0.9362569092143067,0
292,4.970294890542132,8.627057636128848,1
293,5.880217543038697,6.640121661974779,1
294,8.698233202894297,-0.5717385538932862,0
295,6.1077826252546945,-1.0963710042044892,0
296,6.96828290409392,6.682423890873209,1
297,8.420036887419094,-0.5797494326531717,0
298,9.69829102409319,1.9523336419333162,0
299,4.744894553558478,8.012396238957606,1
300,6.951852888134578,0.2666337209399848,0
301,5.767690072723343,0.0845084382735702,0
302,7.312438465462178,-0.13649515654686006,0
303,6.224749970946598,10.075373024817354,1
304,6.819057705668951,7.576674848917156,1
305,6.412345404764316,8.574784225680553,1
306,7.230459015395,-0.7739059866673003,0
307,7.803379296612492,0.17007087400701387,0
308,5.905078422503423,8.01514746933414,1
309,5.251514559424775,7.419151373730706,1
310,6.192199755721469,6.282617582909003,1
311,6.767163599407552,-0.8430347865868106,0
312,9.258368192584319,-0.4841681605305501,0
313,7.391263708595229,0.2509221176676378,0
314,7.005903066621374,7.150376657521484,1
315,7.6048464498040795,1.7007528229017486,0
316,8.912835830195448,0.5891240952352204,0
317,6.393418234619393,6.563914708503184,1
318,7.717916977126443,0.354553433477931,0
319,7.125943606855029,1.7194733434980571,0
320,4.88402347388131,8.065983341082685,1
321,5.118643944838548,7.146177749366939,1
322,6.47635430649954,8.395512022210973,1
323,6.282640672519357,7.8798292022986995,1
324,8.006268808650661,-1.203311933398548,0
325,7.480435094908264,8.165470876021812,1
326,6.215295579065879,6.460407863851363,1
327,8.165273661240573,0.5015887514558972,0
328,5.925726996818302,-0.8355769141539036,0
329,9.918092130651786,-0.24456979332280027,0
330,6.0776198146582985,0.4523175821400006,0
331,8.061367645256174,8.669901411250146,1
332,6.618625509643672,6.794125840898737,1
333,8.301056104922846,1.7828615785059474,0
334,5.793799602655925,7.1697164822695925,1
335,7.926735561087357,1.3255502978574856,0
336,8.969678696422616,-0.5244500084071929,0
337,7.265752443493479,4.752907762027689,1
338,7.307869058288039,0.9243078698648663,0
339,8.233148743892373,-1.1703563356445412,0
340,5.870447270783653,7.784892224557465,1
341,7.397505157500858,0.6779516187534058,0
342,6.038528635427321,7.9986749842681855,1
343,8.006147157499427,-0.26328775789150227,0
344,5.488918471580803,6.595468097930758,1
345,6.834394923180612,-1.1726961811871521,0
346,7.3445309350827666,9.29105264411475,1
347,7.026990817788345,0.7554634204346806,0
348,8.486830494579007,-0.5320274510535556,0
349,5.4660501820977405,8.857986672125582,1
350,6.642461132534645,8.11401541368864,1
351,8.066399326245078,0.3758496569224899,0
352,6.321273000913757,0.6929227102138964,0
353,7.816889259396264,8.600954166710295,1
354,6.247883363783999,6.855844497617621,1
355,5.42058644307595,-0.20397745250122512,0
356,6.793578882696727,6.583774403501954,1
357,7.419867201549019,7.692590238939989,1
358,5.036223027557732,6.027167731446596,1
359,7.610955782747536,7.482618809332975,1
360,8.49791707835697,-0.6887881734610403,0
361,7.180103003833541,-1.1940578493178609,0
362,9.111025818494332,0.33218626867239504,0
363,6.234351124756475,7.422353926121255,1
364,5.820408167797847,6.840190383795011,1
365,7.973300261791396,6.594353400429416,1
366,7.571922288019814,0.20622856302183504,0
367,6.793026178660777,6.962905340589714,1
368,7.881960041419809,0.15752231542240477,0
369,6.479389283559673,0.14034838750705717,0
370,8.927989082747633,1.215802460299239,0
371,7.9660692902508945,9.074732724456105,1
372,6.415174254958959,6.512018049683131,1
373,8.498205308209089,-0.22476385689962047,0
374,7.394068893244401,-1.099839576125591,0
375,7.160351966446864,7.052321873777289,1
376,4.722185933604812,6.994779848264193,1
377,6.895270056515993,0.41689058295644604,0
378,7.40037767533037,-0.1413624246234782,0
379,4.270291759572871,8.952196195927623,1
380,7.568231915763899,1.648995369658411,0
381,6.086759616258323,-1.2512699275091779,0
382,7.505546828863914,1.3711052888858852,0
383,9.945643056726162,7.268896847809519,1
384,9.021679513530938,0.4025327728271078,0
385,6.645386020333729,8.998838478182563,1
386,8.901523186652103,-0.03822589395436435,0
387,6.03276051366098,0.8842276890883282,0
388,5.18376916980996,7.773657202015262,1
389,7.74682296725039,-0.15905649665060073,0
390,8.120166126834253,0.6440544523969706,0
391,6.810966767365387,6.383812759281511,1
392,8.498302931726656,-0.2802049233531589,0
393,7.123254768410481,7.947610584055936,1
394,6.944950809514537,8.94917303106472,1
395,7.527512799747262,-0.22192374116378294,0
396,4.590230784212025,5.841440271489814,1
397,7.13051054792913,6.928366137099426,1
398,6.342370141562703,-0.00020811957202399034,0
399,5.788096640714971,7.984183758374088,1
400,8.472677763800334,0.17359249391693354,0
401,8.416477503538383,1.0037221055945649,0
402,6.977440898332126,6.668160286748347,1
403,7.107177356290079,0.39799210804047735,0
404,6.332946344899391,7.669402156362021,1
405,9.086579931182662,1.1824395450703589,0
406,7.425577019016879,-1.1517910795119843,0
407,6.451616693667727,-0.011740770408983775,0
408,6.772496657674623,0.15392499187091707,0
409,8.651874525357803,-1.3388655128230667,0
410,8.41526778426337,-0.4357470595573639,0
411,7.059707922691698,7.761186267024376,1
412,7.6274727730205285,7.378860222220914,1
413,5.169525554274756,7.350941449439466,1
414,5.5959517557023535,7.470287526051017,1
415,7.845374582130126,1.1538181578378162,0
416,5.606138977043843,7.433140744919698,1
417,7.381378684087316,1.6482168954725702,0
418,7.959941217176366,7.193717258803988,1
419,5.886128543307412,7.240150282517188,1
420,7.608329648700983,-0.782904395440944,0
421,5.66480929456362,7.722067159619904,1
422,8.24860781489572,0.7583641947025694,0
423,5.9067599243164315,6.885971148436965,1
424,7.141716226697245,0.4979417500004869,0
425,4.247295827293533,7.573657225614619,1
426,7.83935129923324,0.8331014356420903,0
427,6.640552149291202,9.289798747569002,1
428,6.135353042185378,0.504547414092219,0
429,9.865176938455305,0.15429460240369486,0
430,6.773773072904908,-0.2818177232906366,0
431,6.982413008118381,9.590451012598187,1
432,7.98625575276277,-1.41105125422178,0
433,5.256223846488652,7.5333407287641565,1
434,6.707341567832641,0.5350948591659148,0
435,6.148371023498248,-0.9495060135116355,0
436,8.759389289475724,-1.2110365356293797,0
437,8.273527649261416,0.7313995245385696,0
438,8.551586341239265,0.6197636123918797,0
439,4.593458281276546,7.187682322947708,1
440,5.668663490826063,9.427367614244089,1
441,6.243622780192361,7.82016349309391,1
442,5.157191775339738,7.542880813326575,1
443,5.186305074630792,8.113172698441938,1
444,7.694307122822009,0.27199771019980473,0
445,6.97171719778785,1.001260741815611,0
446,7.340790686902547,-0.759806596017586,0
447,7.393535466675708,0.5299120004117062,0
448,7.476202248143979,0.2648046437500331,0
449,6.691668333677517,8.22631067506706,1
450,6.059267998334746,6.872858417857772,1
451,6.650499711731474,-0.8176225430711943,0
452,6.44134214454377,6.958396882676997,1
453,8.06373112543524,-0.43913678633119924,0
454,7.146688819889607,8.675453458548965,1
455,7.689554026492619,6.147126007641639,1
456,5.467649069458211,0.32626193130828995,0
457,6.818804391781094,6.455733171298314,1
458,6.825674363408526,6.391085289403938,1
459,7.687348010969343,-0.9168227267568354,0
460,6.4433868408645765,0.5309094233156801,0
461,4.877481126974823,5.9936201683174275,1
462,7.260117966182152,9.43591503020934,1
463,6.505537192213181,-1.800455699023296,0
464,4.9875329667237045,5.908601341738425,1
465,7.0411829961991135,0.3133315763897704,0
466,8.412506500179127,0.5266897364458638,0
467,6.149629191651132,6.878601162401317,1
468,7.958470528202344,8.84009488475111,1
469,7.43208989926695,6.641515766998147,1
470,8.637954067179383,0.442764258589589,0
471,7.176652166062755,0.3687797061636407,0
472,7.388843146745392,7.441908976428644,1
473,5.880309822027827,8.602248240115017,1
474,4.897406523277741,8.000333771462754,1
475,5.873261514894867,7.003352107366068,1
476,8.28727499680912,7.349891860223949,1
477,8.359928278755564,1.517270551962999,0
478,6.704249664455146,0.060929313248946015,0
479,7.5080089354655115,7.874180154973066,1
480,6.668823286052629,1.2353584224164713,0
481,5.634590355534995,5.120016777117076,1
482,6.5614205204334315,7.286297105439975,1
483,8.039507652105517,0.35635528599953514,0
484,5.786732916726204,7.184736309852845,1
485,8.237747168499634,0.741008515043319,0
486,6.189778815365278,8.071190996001855,1
487,5.780417016602238,6.7781625727929,1
488,7.164357872459055,1.1494140741846888,0
489,5.134304597240689,7.48325458711463,1
490,7.303937232056851,-0.039955779473606845,0
491,8.151571671837152,-0.5748237007173232,0
492,4.833111237344721,6.630488014052416,1
493,5.291868997288592,7.001718350532488,1
494,6.762257445371866,-0.90813965730806,0
495,7.51572080759389,-2.169238284165002,0
496,9.576158099988415,-1.776117004054954,0
497,10.111020375590215,-0.2705498515667999,0
498,8.044307254174312,1.2194253340394883,0
499,7.116994757752348,6.326267824358535,1
500,6.7232225760836615,7.210070158325156,1
501,6.495110636396522,6.741622984521242,1
502,7.997281813394298,-1.1105792769396508,0
503,6.365864959892551,1.2670478196784594,0
504,6.361964795756675,7.048683277398962,1
505,8.29225488284832,-0.2524060543017889,0
506,6.366954551541274,7.889010390591527,1
507,8.189630413577303,1.7490528730922599,0
508,6.616972127762379,8.848504454481773,1
509,7.554357514145689,-1.322251900502656,0
510,8.290194919094247,8.380322796463014,1
511,5.832178497245181,7.905003612831045,1
512,6.739892382934955,7.463148624962645,1
513,7.268419173261746,8.196450421408896,1
514,7.231113293831981,0.29710710618353114,0
515,8.95980717918521,0.7323099528990398,0
516,7.140357101099703,-0.7534858494560692,0
517,6.533467401202257,-0.3324539984938889,0
518,5.248929515289602,8.115399020463238,1
519,7.619222544733385,8.435744809948558,1
520,5.628025355003377,7.474983110317533,1
521,7.860787487116032,1.6710428480903043,0
522,7.213786186784154,-0.06349840663478257,0
523,8.109932425759093,-0.36859736728053005,0
524,7.519103900457404,-1.5392163489017232,0
525,8.295173392300631,-0.08617450768655854,0
526,6.687424371334142,8.7069650133204,1
527,5.800783036226908,8.576313787740789,1
528,6.854573267966453,7.73481982655912,1
529,9.537875388439724,-1.472425888990326,0
530,6.127302287101416,7.438181837227028,1
531,6.891868612836577,5.7942144970921845,1
532,6.352151663092901,6.426581540646802,1
533,7.552849364664393,-0.8068196825414171,0
534,5.056562626103897,5.9564960786284225,1
535,5.866436482243344,7.644372136363679,1
536,6.9969481825321305,7.478143991459945,1
537,7.002543201303034,8.635017789183378,1
538,5.736232200412614,7.348713568849393,1
539,6.409570425860389,7.296252801557495,1
540,5.486143477523369,6.813540617172262,1
541,6.950519825737565,6.951179583339241,1
542,6.388895242779789,6.69568186716701,1
543,9.226458658762416,0.06518590535461755,0
544,6.40021005044334,6.177367088896854,1
545,8.029770440715778,6.2773746351492115,1
546,5.502208454661954,8.038939842001279,1
547,5.947119673967023,7.685520640375629,1
548,8.32545262782921,1.9177945617208891,0
549,5.696118011889592,7.164711938187422,1
550,8.422402182873359,1.4955771903025659,0
551,6.297453221918072,0.302227804849346,0
552,5.747001679811177,-1.6612556199697215,0
553,7.401156645579069,0.6259641084442394,0
554,9.021693587184297,2.8700969674251198,0
555,5.855237447299517,8.333838583619453,1
556,9.938256071490654,0.3247009137884982,0
557,5.448198469373957,9.308977043129767,1
558,6.4649439265215705,7.325611933978246,1
559,6.1278578821390655,7.014557200824075,1
560,4.580513201397029,8.691431597100785,1
561,6.029129029756387,0.10395598980714316,0
562,4.300342438951357,6.992407560462692,1
563,7.017752953570972,1.0190251752272794,0
564,5.998899352145217,9.089615678814718,1
565,5.996390850244419,0.37595146269229307,0
566,4.335286330307299,7.948604310067117,1
567,7.314255750358842,8.636955945270275,1
568,6.715825036375559,7.688035266556939,1
569,8.38734595037522,0.0010012572051842361,0
570,7.45734235199507,7.033410647450451,1
571,4.551680387212408,7.8467277469838415,1
572,7.0190508222476655,-1.1333628099975979,0
573,8.084246371056222,1.2091281310478277,0
574,7.169250795096729,0.3603764559608281,0
575,7.445856727321004,7.608998078920466,1
576,7.523055061952149,8.37523659247457,1
577,7.765929905270387,1.7361830665316027,0
578,7.769542212045029,1.6731744986802521,0
579,6.276813749758405,6.614190584802731,1
580,8.0951115641211,9.422528768212038,1
581,9.369923057145751,0.8754091024274573,0
582,7.980163351437376,8.216179326347593,1
583,5.214957032489196,7.520304072257495,1
584,5.955916896106271,8.19036166842323,1
585,7.404312026724464,0.9250977507739365,0
586,5.174037088128652,7.291963688977917,1
587,7.138288768615014,-0.15265164083543742,0
588,7.350707249511819,0.0856138024321265,0
589,6.376590058349139,6.838828563760149,1
590,4.951132800988608,6.9170705299993935,1
591,7.733899222131841,7.148202306026318,1
592,5.647525729035487,8.273862099236116,1
593,7.324986443345873,0.6010906640954756,0
594,7.143654739367669,-1.02741388387701,0
595,7.909099754594317,1.3657220169099424,0
596,8.022813180233113,-0.19313762103490623,0
597,9.156004348120035,6.352430252326426,1
598,8.474166152882054,-1.5702872526413731,0
599,7.4104720937446595,6.945260120220469,1
600,5.994297937369261,8.823368418265238,1
601,5.20075704301934,6.000605357207963,1
602,8.247431394934583,0.21162153215275284,0
603,4.156532378575518,9.573224230442188,1
604,8.419166476803296,0.9305063261464867,0
605,7.497416540336938,1.196591951093454,0
606,6.7395689258318665,5.468971265891039,1
607,6.675598431775369,8.35072220718342,1
608,7.486159187741189,-0.3782610876215622,0
609,8.19820906081474,-1.4510852129792797,0
610,8.278592681591256,0.8569655290786071,0
611,6.8856964197911585,-0.6209517233028236,0
612,7.1778361672629325,7.926429728528035,1
613,6.286497590188667,0.7203222913894967,0
614,4.760092732354071,8.1586024992968,1
615,8.47821784121896,7.234052312998345,1
616,8.05593283142956,1.0801496590069202,0
617,5.910932223177634,5.935976663755793,1
618,7.719218393864717,-0.48897912700561497,0
619,7.346439723692546,-1.2238466113648028,0
620,8.703300532264482,6.974518352760624,1
621,5.751286509490406,5.305944808134916,1
622,8.134358325630592,2.5346553302611214,0
623,7.026932410191163,0.7864779897990971,0
624,6.829745445573714,1.3655710652915785,0
625,6.633509048708611,0.08444966508387508,0
626,6.158972417163968,8.283249569883465,1
627,5.7770031448677255,-0.22086666629016033,0
628,8.143780885884453,-1.1365718133525178,0
629,8.058582185950574,0.6164556936585388,0
630,7.744442647495456,7.651963289942831,1
631,6.398050733264249,7.154666584635228,1
632,6.424081731373711,-0.7666800986641221,0
633,7.799037412149707,8.855877433147645,1
634,7.573786471292793,1.3830270364203816,0
635,6.950760095577959,7.887206491248411,1
636,7.831293388151989,7.285510709762138,1
637,7.490426882434959,8.600082809878652,1
638,6.1856567978793136,8.79937658496793,1
639,8.757414989422763,-1.7345779103314256,0
640,7.3985558659521775,0.266176504277826,0
641,7.3277296159614105,1.7677282745612486,0
642,8.292839488439853,-0.852816033875585,0
643,9.291759709303106,1.403699564105974,0
644,5.400205706757989,6.747443253324252,1
645,8.428044174999645,0.13439165415047322,0
646,7.743614187599028,-1.5713136661617353,0
647,7.229576859105585,6.13146802509064,1
648,6.315618149944133,0.2934115805416837,0
649,5.877667165100975,0.4094580849316004,0
650,4.891170467353895,7.508274065955401,1
651,7.5639714719771245,7.566836344647478,1
652,4.625244351153391,7.296853966500472,1
653,6.227082332348429,-0.24464160664648466,0
654,5.498734388172165,6.618860231838506,1
655,8.279385115300968,7.8697571669522315,1
656,6.833580905388191,0.044014845473661995,0
657,6.5478240480814325,6.621058236224492,1
658,5.888185054014526,8.281699169568514,1
659,6.679410365159877,0.8875646915820711,0
660,7.385506734099883,-0.35136239988747375,0
661,7.130058656533878,7.097044830206342,1
662,7.808969669405178,0.6565412242878381,0
663,8.18584586124173,0.28317841350786294,0
664,5.484075686853504,6.363308860729752,1
665,7.110069435290702,6.271602023155812,1
666,7.836996467354092,1.1901991052505134,0
667,6.888892677588915,8.290594990628367,1
668,8.519979794771674,1.9252146009652593,0
669,5.34109779812393,7.007216598685665,1
670,7.970817167755849,1.5204422405724463,0
671,8.18228506494774,-1.5765581301571576,0
672,4.29363816057393,6.888294667936772,1
673,6.885303638197925,6.447740946475101,1
674,5.470716662596665,7.350307015077655,1
675,7.078446201426744,-0.025935610303176898,0
676,7.554116868093706,-0.17243564828246039,0
677,7.653503831385928,-0.2853435258947498,0
678,8.871302796862974,1.2072800124799468,0
679,5.457450500540341,7.791689874026773,1
680,6.7500803421737015,7.129894611110548,1
681,5.711659618728992,8.628118948750515,1
682,7.453279208498275,-1.5381027663831661,0
683,7.48281421937284,2.0775073180272026,0
684,9.201424824745475,0.34776636039908926,0
685,5.341610985157798,7.231933284043395,1
686,4.919268955861187,8.431709517921705,1
687,8.064318509869707,2.3859630829494427,0
688,7.143041273960851,0.6964854199453951,0
689,7.413038834351461,6.32773008222868,1
690,7.301247947320543,6.158245023291002,1
691,8.21747790978092,1.0117868512857542,0
692,7.158164999844492,7.748763137763506,1
693,8.373437983893773,-0.1433523978458563,0
694,5.221009753900421,6.99346545245349,1
695,7.516378717989878,0.19935170601199695,0
696,7.397381078433026,-1.0814163175751066,0
697,9.878468921699865,-0.9163939974481965,0
698,6.161258082986347,8.40395826624443,1
699,6.759926594926278,0.7300834361759855,0
700,6.1339540957536745,2.1216202228940633,0
701,7.473250133838555,-0.48753715181332113,0
702,7.161874733721959,6.560752286735286,1
703,4.857549481642391,7.117254318957827,1
704,6.321476179014933,7.051342996399031,1
705,6.479716842607921,6.711895756939085,1
706,7.6088626436040325,2.3079005497248395,0
707,5.842018085793306,7.462692364185253,1
708,8.125132723201553,-0.6566673104261886,0
709,7.009067160674192,6.100502209041926,1
710,7.557556742513572,-0.7399836426500519,0
711,9.778832150809396,1.2495719078858512,0
712,7.625433686505031,2.125126800794699,0
713,7.14009307110787,-1.1129280522974407,0
714,8.471574868794743,-1.1900915918753243,0
715,5.437239758540588,6.735134608144336,1
716,7.073243828438962,0.5213500151530208,0
717,6.749180514304997,6.3211208686252265,1
718,8.639557183314974,-1.5726084112397598,0
719,7.5942367581553025,8.2187873447424,1
720,3.6150921677206163,7.247408484537891,1
721,6.265264935949615,7.2035467019833455,1
722,8.704640075025122,-1.298472193565543,0
723,7.346425903599564,7.495232676508309,1
724,7.641506046849988,0.8393583215557895,0
725,5.870467848492347,8.390965511214457,1
726,8.492031474043507,6.844193696272474,1
727,8.147013611115215,7.7755860668212735,1
728,7.80007970121626,-1.5722773354772084,0
729,4.799975739290009,8.453138556317239,1
730,6.747208076072818,9.559286196290572,1
731,6.446097844422607,7.308661606748417,1
732,4.949855393558091,6.9164802627117625,1
733,7.938016203387664,0.724932729180306,0
734,8.683374421539105,0.658565707007382,0
735,8.360491918458008,0.35708389874109286,0
736,5.917636272154347,6.646760368420672,1
737,4.395537380366035,1.1027990771240859,0
738,6.123673624028265,6.148287864759589,1
739,8.436423412223137,-0.9027612179210538,0
740,5.829285145305829,5.319905556465709,1
741,6.398871788852941,7.407002823054693,1
742,3.540867408952338,8.561002813784924,1
743,6.870952808305457,7.701553020217719,1
744,4.43588295084278,5.879963389325178,1
745,7.183079940096862,5.508881990781002,1
746,9.283133938989584,0.28604830873676884,0
747,7.275261427247111,9.513009822315007,1
748,7.466609999372919,6.926952372348588,1
749,6.390504794095153,7.7346015457440185,1
750,7.1391523607107015,-0.6159791570105811,0
751,7.594243045567436,0.9424808429272089,0
752,5.6586184535504795,8.771461966298553,1
753,8.153335454027316,-0.7349105247886093,0
754,7.9525593639779695,-0.9996178093871146,0
755,6.87517102084906,5.770465750905772,1
756,8.146232622621058,1.410556867406227,0
757,7.490440362165243,0.7693919585619836,0
758,7.576767133034489,-1.9229081262813716,0
759,5.334794137638972,6.9596747638710585,1
760,7.521019647311819,7.560107697747347,1
761,5.975133025620254,7.575540370145662,1
762,6.56730918769774,5.685409759882536,1
763,8.814342635811784,0.5796420389995904,0
764,4.927076698782027,8.523390065234656,1
765,8.894975482353397,0.538128440298133,0
766,6.885743486742501,8.182807933054612,1
767,7.147882459599629,8.120219770531666,1
768,7.529930434737197,7.198340186190314,1
769,8.750860622289231,0.2531853938357672,0
770,5.59179102966098,8.86195653907478,1
771,6.302347473026171,8.03744796866559,1
772,7.030553380955064,8.09131565161828,1
773,6.242854299720606,7.395875965093536,1
774,6.714606031963447,7.276849997366156,1
775,7.711330395414474,7.054108979612797,1
776,7.488109582322859,0.27767386736748956,0
777,4.937395549187326,6.3667242637704025,1
778,4.970497346650871,7.9464284275807255,1
779,7.012110841113822,-0.5030968920029352,0
780,7.666761568006074,-1.401980876229774,0
781,6.283366288507794,7.629596356212779,1
782,8.45335847150425,-0.5007704449891562,0
783,6.01341410709279,7.4161686057473775,1
784,8.864850136503788,-0.007999889570565494,0
785,8.668685157436274,-0.8277625631001826,0
786,7.95782095293245,0.03022067094844752,0
787,5.779395398864227,8.220772035836276,1
788,7.580632840015954,-0.08272631501844901,0
789,8.836897686076883,1.8801417069018427,0
790,8.720067571292283,-0.08690651379592784,0
791,8.53149326378107,0.40802019000021306,0
792,7.821740269546559,8.66774931160541,1
793,5.027883008040865,6.928788527565442,1
794,7.8309993579563715,1.1462378095957733,0
795,9.098238308321212,0.3712672269909159,0
796,7.488739662798511,0.27925779926369726,0
797,7.323440199331,8.020846771246092,1
798,7.6892979900667395,-1.3500229784369795,0
799,8.82091466745011,0.4520634702420047,0
800,7.986184993683339,1.014027096852359,0
801,6.478298697159307,4.682523120437363,1
802,6.534352063504009,0.05838678698834304,0
803,5.052266797601824,7.021946134838836,1
804,6.651799661926859,7.690379728462057,1
805,7.226234711679342,7.324263720898569,1
806,8.91180826349263,-0.10126132020366746,0
807,5.7900873756416935,5.617858955648112,1
808,5.448031683817787,6.377610119973479,1
809,6.878826467107316,7.972627870933304,1
810,8.821536936508586,-0.4053022039007683,0
811,6.032118411783776,5.810988463386541,1
812,6.152542719712749,6.35214867178817,1
813,7.183609756920554,0.2738245681503683,0
814,7.4272044250078055,-0.6552388058029952,0
815,7.8029157182933595,8.730180908209679,1
816,8.374601397253295,0.8309079049159451,0
817,8.22855167779865,2.5916441166279007,0
818,8.961355728703802,0.940245263820599,0
819,8.384947366245001,0.3826589931740981,0
820,5.567399228947002,8.926199897626283,1
821,4.9482944931952275,7.076731830769717,1
822,9.78825510227868,-0.3826670370932077,0
823,7.514885929225976,0.33216565505478807,0
824,5.7703396091945525,7.7733757068139795,1
825,7.313936928827199,7.439709063996931,1
826,6.835785650261722,7.466879547995571,1
827,4.237203052921277,8.897699999343956,1
828,7.496071538277586,-0.6679028832099128,0
829,8.896995446948976,0.89092675416641,0
830,6.572884405331236,7.538316958918442,1
831,6.195410207496333,-1.7144754100121238,0
832,7.687301095851273,0.49661369739794997,0
833,6.936738400047534,9.16780412354672,1
834,8.149391729200198,0.16960161158098097,0
835,6.359715205394739,7.785624371691181,1
836,8.28137351047857,-0.9619481774168017,0
837,8.540205055329725,-1.7469926264074902,0
838,7.0983579154311185,7.538489661514134,1
839,7.481448710791847,8.5933766340545,1
840,6.707843170067017,7.812435338668291,1
841,7.786489441594189,1.3812519070168185,0
842,8.44371387980699,-1.4908819975678984,0
843,7.241806349703771,0.5569959022613812,0
844,7.725564624540293,-0.33879818624000435,0
845,5.51267886257953,8.002754937057777,1
846,8.467761351716844,-0.8172831962477389,0
847,7.224598177118755,0.11453795200392651,0
848,8.135715991441847,2.429871386413181,0
849,6.260097329922707,-0.7639595784921115,0
850,3.987919449293501,8.072570709515286,1
851,7.922757459245119,0.07204104591893115,0
852,7.089587424389644,-0.15566670783315406,0
853,6.902347751816816,7.306943847287163,1
854,5.57913726991892,8.86401602268635,1
855,7.739302960804161,-0.762186179210785,0
856,7.3173222782622345,1.2907043446251285,0
857,8.098980447408106,5.946718291453254,1
858,4.965412777338244,7.449424864050632,1
859,6.804186601827636,-0.4094178951819166,0
860,8.462184563030418,6.636369581103804,1
861,7.840079804655002,-0.21543564318973146,0
862,7.646993921755564,7.785301993508637,1
863,6.708490080141364,0.7989725802243374,0
864,5.09214472794615,7.585832859661284,1
865,6.7662255112994245,6.489193598931111,1
866,4.539365520170862,6.659925079568217,1
867,7.297832473401593,7.7332987009954754,1
868,4.880062809624928,6.411505824017823,1
869,7.173327361334758,0.9156795135206185,0
870,6.639408604445794,-0.532988865788961,0
871,5.32956499436602,7.55036482507541,1
872,5.892474561624889,1.1976997445034288,0
873,5.144599518459822,9.212838919137532,1
874,8.489598837248508,-0.8571041103977561,0
875,8.851648115544176,1.784364986291703,0
876,6.6221122263185,8.650623720329433,1
877,5.72867311850886,9.178354239127298,1
878,6.477242101279392,7.809121730685016,1
879,8.203906007467785,0.5207144509019739,0
880,6.720573948507818,-0.4748219799347786,0
881,8.333460934180929,-0.8610482148738681,0
882,8.468117813310531,-1.1054366125731028,0
883,5.312533491052026,6.238726614714275,1
884,5.199364957182119,9.511880171853077,1
885,8.327038046888852,8.54156517612515,1
886,6.816361132217216,6.965259247690745,1
887,8.435710833785345,0.32439658306975366,0
888,6.675799396870546,1.0513980632413493,0
889,7.918039021083683,2.1907610798327637,0
890,9.096438662202978,0.5537526089451982,0
891,8.296101252002215,0.8214125659717294,0
892,7.1817864750796545,0.5172817173104243,0
893,7.631852999752374,1.0506643985922004,0
894,7.830682093694098,-1.6999373945303853,0
895,7.6471571469289925,5.731468607535676,1
896,7.558684657942192,2.0376666437740605,0
897,8.858215090423018,0.5183958690270487,0
898,5.73317456537623,6.55520364132655,1
899,7.08103112559148,8.286448410707646,1
900,8.624138821084424,-0.6879557423162035,0
901,6.530704941512491,6.6029987679604965,1
902,6.409981561367832,7.74122479293979,1
903,6.721562470912039,5.373795865516548,1
904,7.697083546034147,0.5997445800233937,0
905,6.963310402864587,1.0227415168807787,0
906,7.819083523061532,7.911480880193477,1
907,5.8178022204836894,5.7751679004545755,1
908,6.2720280566797335,5.984842381273968,1
909,7.9889888556558395,-0.18176204852529743,0
910,7.364058308238706,0.31366121501640326,0
911,7.686500651145338,2.414081359633549,0
912,7.920536000057582,0.06245495626893752,0
913,6.053540758866833,5.62978462929489,1
914,9.471679357210242,-0.345589847219808,0
915,8.044797667332242,0.6736101325198992,0
916,4.859414652832721,8.38674622360837,1
917,8.560047718865677,0.36417125057128524,0
918,9.908803175524135,-0.4951242915993955,0
919,7.978718018359579,0.3160680193089844,0
920,7.132781497736888,-0.5055485772192091,0
921,7.238484495693343,6.424094837837991,1
922,7.0651074166557235,7.570650587743936,1
923,8.225084094116742,3.0006852553251577,0
924,6.285536737660641,-0.6727682327268822,0
925,6.017021280111083,7.846818338151838,1
926,9.324663726660809,0.44685876002525504,0
927,5.010947281510555,8.474793641139598,1
928,6.433894667547618,7.816046288430913,1
929,8.865831711777588,0.5797528781255383,0
930,5.651174643374295,7.338569712583926,1
931,7.010727384473344,7.976789859805409,1
932,8.741046822734289,-0.5953701348440056,0
933,6.364888905816062,7.704035622485352,1
934,5.621417695501295,7.597143991046209,1
935,6.885857095020765,7.6656609610256465,1
936,5.332839145347684,6.474622498878538,1
937,6.9905856991613415,0.2916590489857661,0
938,5.735478152009552,-1.5358528023048923,0
939,7.865133853523334,-0.09668067658433471,0
940,5.773463383257232,6.760299349292345,1
941,7.049252644396388,1.409578627874674,0
942,7.072473489554059,0.29225532192493797,0
943,5.476640811297811,6.802399738439607,1
944,8.426329812464864,2.197744671535637,0
945,7.309194919111587,8.446548998325515,1
946,7.246247864404672,-0.6866252762721424,0
947,5.828356260316982,-0.5099927224075305,0
948,8.359964769955171,-0.46598232042565046,0
949,8.949411758854275,2.6728445756554913,0
950,6.8190253501724225,7.0273230626873815,1
951,5.4272659162767,6.8019256781376205,1
952,8.412952982263768,-0.40755157136777376,0
953,6.469301408079761,8.080324256519908,1
954,6.117448790207639,2.663827317007878,0
955,5.380032402018413,0.14056990941995734,0
956,8.555431171050115,0.4111002909214937,0
957,6.887134724450562,-0.15698043419192503,0
958,7.049920030485511,6.966067131707102,1
959,7.322224247361056,1.4626932253035865,0
960,5.368594082590498,8.838707051816975,1
961,7.521287679294283,6.234671270120011,1
962,5.2963398957569705,5.606917828128979,1
963,6.592132891620545,-0.6408850548348728,0
964,5.985132915190429,7.820879856280823,1
965,8.005947509302462,0.025499551796816455,0
966,6.58100869496972,-0.703426562213015,0
967,7.0802115285497695,0.42461436288153864,0
968,7.288285716142772,0.031077570877134086,0
969,6.764227993613366,0.1061917964196013,0
970,8.61434121328362,0.10033141363017796,0
971,7.8459147284274104,-0.2686225213333221,0
972,5.096267056628552,8.35358827959257,1
973,7.7815149644133035,8.808855796715335,1
974,4.804617156637443,6.726190253793382,1
975,7.171650775730021,7.40664387688155,1
976,6.589085245621655,5.26649763589824,1
977,9.08330565883327,0.6622206586123929,0
978,7.307579838860633,0.09663713107105436,0
979,7.46483622560748,6.429303030533341,1
980,8.537065275307027,7.638301177040733,1
981,7.447234190197515,8.638307863586776,1
982,7.983059808211209,0.05045224234655937,0
983,6.12482561671216,-0.26121121969100075,0
984,6.971381593897052,1.3130946297520802,0
985,5.097533161642124,6.953667816814102,1
986,7.665165107438039,-0.273267846538009,0
987,9.147107862811835,-0.7283900051466442,0
988,8.81575879308408,0.6184579106719026,0
989,6.557280347597201,-0.5498203579642802,0
990,7.819142806191498,-1.030498033821026,0
991,6.054626551647736,0.4958406349356676,0
992,5.597876375960696,6.20276161831261,1
993,7.689335884724471,1.2418701960679417,0
994,7.502537528677571,0.845190349013693,0
995,6.628973380290948,7.461795552642969,1
996,7.221184145375188,1.1041180242599522,0
997,7.37695920777926,8.860277265583663,1
998,6.723169914736264,8.00405984013961,1
999,7.322988568737393,0.8499701180280351,0
1000,7.945028665138771,-0.4311729884444223,0
1001,6.728205419483089,6.706614695692201,1
1002,6.400325550452118,0.45139163660036696,0
1003,5.670538781735562,5.596462792777854,1
1004,8.130381633432757,0.3203870782871825,0
1005,7.183203868403833,0.8631164845556683,0
1006,6.942794775356885,1.3317614091989698,0
1007,8.880374801071577,-0.3644573196937515,0
1008,9.888292802767257,0.7161433410913636,0
1009,6.908615290397505,-0.005178145116496752,0
1010,6.322555852470204,-1.1657231793668419,0
1011,9.387281978258672,1.371243193762384,0
1012,6.536907392622425,0.6381704872445237,0
1013,8.79564743285916,-0.5005741063569102,0
1014,7.890962004046427,0.7136252239752028,0
1015,6.20873827080559,7.477043242885394,1
1016,8.01477922160666,2.3261109292333138,0
1017,4.297162558364047,9.341610389463346,1
1018,7.618477973434587,8.23634555210415,1
1019,6.643277975903411,7.662935556055665,1
1020,5.865731845847525,7.593661804280191,1
1021,6.204884945504244,0.8281201566026283,0
1022,6.725668284027264,6.3391583595507655,1
1023,6.889253716368017,-0.09459999086127902,0
1024,5.871552053721597,6.654884723641275,1
1025,6.079173187889172,8.104744736498676,1
1026,8.2262576301925,0.8506287706804567,0
1027,7.0612025875310955,8.217787168972293,1
1028,5.695487779993043,0.7480602066952785,0
1029,7.937433872203417,1.0410341817685995,0
1030,7.398773346130491,7.730854741085943,1
1031,5.074768349949873,8.43653320849786,1
1032,6.954481463546106,0.4528502016085213,0
1033,6.394688965303466,6.033058458040729,1
1034,8.027960211479193,2.675170550028618,0
1035,6.839849915219908,-0.5895574602720105,0
1036,5.481493316201636,7.587065108321879,1
1037,6.465293370186816,1.7671799615043908,0
1038,7.079240838326122,-0.7205698205051994,0
1039,6.57807476537681,5.745180636667389,1
1040,8.954858622207423,-1.6130246324487374,0
1041,8.33454240655794,-0.5125660671248818,0
1042,7.894252700730494,5.308780994826089,1
1043,7.053022672828382,7.7077529335083526,1
1044,7.30893512308373,6.055116623161177,1
1045,6.668651797679588,7.208423678075169,1
1046,7.648059203998408,-1.4582276491692872,0
1047,6.346043357176911,7.412882130032335,1
1048,7.098901586329924,1.0446012689668183,0
1049,7.604332887371026,2.0283001473012288,0
1050,8.813335806680788,0.771872019980133,0
1051,5.908301687381,9.317313810420664,1
1052,7.739014024173968,2.4084859312358025,0
1053,5.992151665048574,8.257950084751823,1
1054,8.224795197129064,-0.026008182271988756,0
1055,7.539089629354021,0.5614103716473995,0
1056,7.845089253453152,6.299118394165829,1
1057,6.31557418848463,7.395378192900048,1
1058,6.884795733172341,-0.41778205496300336,0
1059,6.797877465477949,7.450174520253302,1
1060,5.686137480909716,-0.5761963318126924,0
1061,8.217133333877813,0.3958507081756839,0
1062,7.161863864601612,0.14201708138110647,0
1063,8.051265777379342,1.3113923968369996,0
1064,5.158587162155268,6.314144985321568,1
1065,6.5930685242784905,8.9251835626868,1
1066,3.722925873381598,5.608827462561111,1
1067,7.434232079733083,0.544491361084856,0
1068,6.276931397395432,7.766647982550853,1
1069,8.792214922446044,-0.05665617731057088,0
1070,6.774730568073477,-0.503357411953652,0
1071,6.412112440531074,7.064226658079493,1
1072,7.939332781916908,0.0916387630030739,0
1073,6.420550731069901,7.068989712540845,1
1074,7.8558757262511065,-0.5765160670411266,0
1075,7.386002126916308,1.6615941124492006,0
1076,8.273366809284695,-0.16979858817036342,0
1077,6.281328316247296,6.931602267548909,1
1078,6.632609936213004,-0.028527858256719135,0
1079,4.600561489061825,-0.009493191280892849,0
1080,7.705377217092598,0.5727857349008691,0
1081,6.711601281030983,8.036263453961169,1
1082,6.495025535828259,7.802974792782899,1
1083,7.916290063391204,6.727322290996204,1
1084,7.346494225911313,-0.7876861973559103,0
1085,7.540469067733818,-2.0537671002885056,0
1086,6.176811223895496,0.8416685583739945,0
1087,7.322574353572083,1.6296317711226245,0
1088,5.533131625988791,6.905405494963392,1
1089,8.44552511655996,-0.8364028723432555,0
1090,6.643637059399918,8.445133897404688,1
1091,9.167224775099209,-0.33273692782583975,0
1092,7.286603466793202,8.436033056280014,1
1093,6.683072566354257,6.541177516443988,1
1094,6.011844225147468,8.543120761634501,1
1095,6.512321237571147,8.22571412525531,1
1096,7.87093140987657,1.6411560198303476,0
1097,7.411575531279673,-0.350381713411111,0
1098,8.699804249565457,0.23574686089313487,0
1099,5.997702411338488,7.653987382483038,1
1100,8.059558009281314,1.1498839910508254,0
1101,6.500837950091433,7.404612311272504,1
1102,8.553572590137117,-0.017679344090157922,0
1103,5.170023039046155,6.999997260448025,1
1104,6.19841039748639,8.254201179916343,1
1105,7.049455508005908,1.4890933342287116,0
1106,6.041661783771736,7.29395950188903,1
1107,6.221499123863977,7.538692423062391,1
1108,6.166090050308,7.56571138603993,1
1109,7.664375921328706,0.6008607106757548,0
1110,6.2735868568358555,9.103885148697048,1
1111,7.436136040540706,2.1975250060319462,0
1112,6.164573781826014,7.343913188241219,1
1113,8.072461920182365,-0.3090106929422918,0
1114,6.111173382085184,5.9421070380767524,1
1115,5.825973143382009,6.806950306662089,1
1116,8.712133916710355,9.096972556814606,1
1117,7.277390518798425,0.74378804534159,0
1118,4.600250365428166,5.321909588781777,1
1119,6.265644767703113,6.749342796274137,1
1120,8.025476408788316,0.36423508102620206,0
1121,5.28663460742749,8.461891163758738,1
1122,6.86439246511285,7.095511845032882,1
1123,5.848205382603807,9.409695037210497,1
1124,7.371694793068615,0.27729320798331625,0
1125,6.574154875435687,0.5769154334660336,0
1126,7.876830647051369,7.7885919987806,1
1127,6.759913974873681,7.1062989795714655,1
1128,7.423139971560875,7.637127503827733,1
1129,8.16095381916268,0.21913612071465743,0
1130,5.985512411496573,5.5423071660348375,1
1131,8.542976872957475,6.994331767148043,1
1132,8.98502705656101,0.08796651069294616,0
1133,6.3764523070994965,6.550357890448173,1
1134,7.568839669640496,-0.1926188583917135,0
1135,5.4931101764019195,7.224684662222263,1
1136,7.391089414766306,1.7104915064542612,0
1137,8.16897653864666,-0.3256535789991084,0
1138,4.9230583194624655,7.691652310124485,1
1139,8.143746711266385,-0.19616484640585036,0
1140,7.515396315280299,0.11204366174665628,0
1141,8.680325916266467,1.0239103531487053,0
1142,6.949602093844112,0.688308236687207,0
1143,5.792594488869482,6.915615096704139,1
1144,7.374066186604025,0.5196894299072371,0
1145,6.95847607900966,7.754355083311288,1
1146,5.863941218073114,8.454777663897017,1
1147,7.194887559817453,6.91683749846405,1
1148,8.283139975020111,0.8167299013419791,0
1149,4.62759693890245,7.492766782294055,1
1150,8.626690746443062,-0.7894867164937456,0
1151,7.465872760338106,2.423583939413756,0
1152,6.018538918124398,7.178462447629371,1
1153,5.690336898750235,6.5338269566495315,1
1154,8.401111158328984,-1.3255492246961673,0
1155,9.5309890413818,-0.3485278480472881,0
1156,8.16389811492926,-0.10191613171396402,0
1157,6.27090755005284,-1.4013308692441018,0
1158,5.569196560277747,6.312272900120641,1
1159,7.6895065084497025,6.305768966251611,1
1160,6.357181564961334,7.230808638842083,1
1161,8.671852181873653,6.245704009168068,1
1162,5.199939275681691,6.684811606470817,1
1163,6.135252558530412,6.101738198822009,1
1164,5.471950361507179,4.735415586858274,1
1165,4.233368482655049,6.258882873220683,1
1166,7.771687737756618,-0.23598310696382313,0
1167,5.2889508522462,8.334466756926956,1
1168,5.656297297356407,7.326546746247607,1
1169,5.579917683478024,0.9542621392087237,0
1170,7.250667315413878,0.4260783255357861,0
1171,7.427570785711559,-0.9390123821989813,0
1172,8.112533806286276,-2.3039496054634467,0
1173,6.918533501926235,0.8609970609237518,0
1174,7.868109238557253,0.8081962709619306,0
1175,6.361539255294194,7.705918971150258,1
1176,8.101784452639615,0.4213042133192687,0
1177,6.770103390575555,7.348093055482426,1
1178,8.414795130758902,2.1538773869691274,0
1179,3.8699900600006254,7.407492675188131,1
1180,9.0577558560334,0.7010348108423037,0
1181,7.46573294976203,8.92022781555882,1
1182,5.225004620480985,7.180943614685582,1
1183,5.514256733845718,8.388742148339425,1
1184,8.324436215535028,0.003916414733517365,0
1185,8.22727637728607,-0.027147968023021107,0
1186,4.789589090209641,8.77217224518534,1
1187,7.584302146757157,2.123172082512264,0
1188,6.821755030633818,-0.36937384789343375,0
1189,6.429189307572026,8.472361255944287,1
1190,8.240245763273274,-0.87509911358185,0
1191,6.790860110868623,6.289305245080261,1
1192,7.030084031591221,-0.4514978147412356,0
1193,5.820842697142007,7.447347310957705,1
1194,5.491064672041438,7.652862114166126,1
1195,6.091425476027582,9.197977635441582,1
1196,7.884219976622728,0.2662748738180257,0
1197,6.309696884804449,7.2432685883953365,1
1198,7.305901965236571,-1.524809279212898,0
1199,7.112906583801677,6.0055816614489,1
1200,8.332155357061886,0.6847537967052135,0
1201,7.018665203424725,7.046222834817715,1
1202,6.668073895153022,-0.5904893240782292,0
1203,6.279614015999098,6.599775140678564,1
1204,6.537396273751526,0.7006339711559653,0
1205,8.075570949635917,-1.847402678729571,0
1206,4.761169009574722,7.847747210038681,1
1207,5.916699401592872,9.29404848551819,1
1208,8.231639798665535,-0.46176711202861054,0
1209,9.207744042798117,0.132899830679564,0
1210,7.623990418522527,0.007159199403973637,0
1211,6.155108707912645,-0.14701522849884396,0
1212,8.438036223573079,-0.35546656117089737,0
1213,5.3626974367503495,8.135222484294957,1
1214,8.784408020103294,1.1117655261904775,0
1215,7.562229380616641,0.22544268448791976,0
1216,3.837829693754965,7.489059293574733,1
1217,8.10534023402774,-1.6870743940517574,0
1218,7.350338013045732,8.074422859037327,1
1219,9.218269494771034,-0.2665307640244403,0
1220,5.69021815995418,7.0791970563378435,1
1221,5.301711775204318,7.144623137297195,1
1222,7.075106874123237,8.100630393460053,1
1223,7.579406010220769,0.14774861388757704,0
1224,5.898903885152017,6.347137106283513,1
1225,3.549142707682964,7.330277125280544,1
1226,4.338711073900903,6.780551344407317,1
1227,7.077237221084622,1.3170247220527755,0
1228,8.88695397789137,0.4310593808318595,0
1229,6.731441565619434,-1.3959284434081365,0
1230,6.829265668944416,1.2194062352778,0
1231,6.9423194134621,0.5788003262289484,0
1232,8.353908513147061,-1.0496832785384878,0
1233,9.433593302970626,0.3569417523218833,0
1234,5.84393825436408,-0.4827103510226697,0
1235,7.870221416118232,1.56630863257731,0
1236,9.091029893225295,1.392074284668182,0
1237,7.247158723270157,8.344936934695223,1
1238,8.190804082904897,-0.5819596463191904,0
1239,8.223920844065322,0.6218171347880244,0
1240,6.5766042208364155,0.34265637204265054,0
1241,7.777525832421472,0.041114122080279286,0
1242,7.492390768419561,8.170400478370688,1
1243,6.681141502636328,1.429831883227111,0
1244,7.055478362566229,2.318618030362414,0
1245,7.958635415907608,0.45950729768385146,0
1246,5.646997579725004,7.225484638925845,1
1247,8.740506369135703,2.002467737264594,0
1248,7.8685521269487015,1.3323525586193223,0
1249,4.464544938622483,6.570159521201837,1
1250,6.60399793793065,-1.0309398985808058,0
1251,7.552240884326827,-0.1059792622049408,0
1252,6.978271211375599,8.47320136309894,1
1253,6.790297167818514,0.6772709276770579,0
1254,5.268110737901246,7.803049843283357,1
1255,7.83750335046936,7.62387887997716,1
1256,7.503770472385703,-0.08716486407812629,0
1257,5.53451403001507,6.258260469975175,1
1258,9.615510474299462,0.48712488577402596,0
1259,7.31317844979961,1.3400449807263184,0
1260,7.950252053428791,0.4439637626212126,0
1261,6.479943616785911,7.418124487655059,1
1262,6.506917361453468,8.248751401128246,1
1263,8.428842772027298,-0.05542841886320926,0
1264,7.636949263685519,8.014914472948991,1
1265,4.4425507437757465,9.10791226232993,1
1266,8.175591983391264,-1.012336040206403,0
1267,7.110496626937228,0.25978599300697924,0
1268,6.86592481724863,7.165831584515204,1
1269,6.748189721885764,8.517697360632846,1
1270,6.063660109323884,8.089964654769869,1
1271,8.755024725906129,6.044587097298532,1
1272,7.665223881173865,7.854613141369105,1
1273,5.526504108727455,7.521698972287429,1
1274,8.58854669046248,-0.2240997478879947,0
1275,6.879298426555715,7.5377295127338675,1
1276,6.542192095563114,7.935755654516394,1
1277,6.74421718190537,1.0716900418953381,0
1278,6.653527268719168,7.384478817928101,1
1279,7.010077391749972,5.820944846857183,1
1280,6.4574886304235575,8.121279196453528,1
1281,9.004571060869345,-0.3610230229467992,0
1282,7.220698969262847,-0.5441009473284237,0
1283,7.60992552763263,7.7069633247017,1
1284,7.875117730931642,-1.022042616186164,0
1285,7.596444869908944,-0.2623391609310669,0
1286,7.539674708571087,6.289896720591633,1
1287,7.128751276042092,0.8095417643477284,0
1288,5.1554743116597885,7.359673166472459,1
1289,3.9432148516767613,6.525312340661677,1
1290,8.566441309485374,-0.5230954673835855,0
1291,6.29608768882005,6.866567692258637,1
1292,7.395816554377593,7.990827186715016,1
1293,8.912740767772878,0.6862087472961365,0
1294,7.569663993046383,0.12503893234688757,0
1295,5.982464871094216,6.361197325260365,1
1296,5.864180648278358,8.147120382047543,1
1297,7.36986118377467,-0.33284483776308693,0
1298,9.39078917360686,-0.3760486985983783,0
1299,5.250983853702475,-2.203712078198689,0
1300,6.485853478863953,9.538547147288938,1
1301,7.044664593236002,7.167907159259849,1
1302,6.647862442031978,6.757408018852021,1
1303,7.494091638928481,7.1465883090234605,1
1304,3.952222518675899,6.841014482428635,1
1305,7.608596059486919,7.497871222587929,1
1306,7.124883594678875,6.444567992866592,1
1307,6.641358484620931,0.9459128564127732,0
1308,5.95785418616221,8.139375206350579,1
1309,5.278997757777464,0.2423999513783395,0
1310,5.505001970850173,6.693188148307687,1
1311,8.901124427065724,-1.5586455069281724,0
1312,7.071637258387189,1.8081414304539487,0
1313,8.735722539901596,0.37432976061374745,0
1314,8.662816775287578,7.6667746725895904,1
1315,8.78052454503916,0.4428809586022787,0
1316,5.54325991774723,10.08638591616781,1
1317,5.879745627328728,6.474285559739124,1
1318,6.004321348264802,0.7766657367957732,0
1319,6.629671134257194,7.347369847384155,1
1320,6.443402500460949,8.092334223350617,1
1321,6.786472562882551,0.5010133216417831,0
1322,8.841991585777336,-0.49029053687769963,0
1323,6.3247441511798685,1.1465146435235718,0
1324,7.734249653737161,0.36389101541044105,0
1325,7.2150830697760995,7.239221111440225,1
1326,6.822019510538779,-0.575168253397317,0
1327,6.830841895855273,0.12723891323111763,0
1328,8.284213798375784,0.46158894973254283,0
1329,6.509552941073204,0.41735863546575824,0
1330,7.473832546334529,7.71702199497627,1
1331,6.08454914093806,6.87462472771225,1
1332,4.674944827760779,6.828649320012937,1
1333,7.246303811132375,0.02849979272764272,0
1334,8.921802659334434,0.4719886803442514,0
1335,7.149700761471316,1.0623482499066825,0
1336,8.806733061543198,-0.10296999506522492,0
1337,6.729933508217685,7.297103897788861,1
1338,7.601677215228427,6.577397467096046,1
1339,6.455437425494436,6.791620572733285,1
1340,6.370472340820216,-1.260244862705219,0
1341,5.913280832293086,5.947217186917081,1
1342,6.7047077111240645,7.59551104045837,1
1343,8.054594086593246,0.17055196245222073,0
1344,6.441481329237187,7.918932198528874,1
1345,8.739143905502083,7.041219086640892,1
1346,7.132556880266362,6.794766105396915,1
1347,6.970464787244209,6.989983063094251,1
1348,7.575623998763765,7.15533899467134,1
1349,6.472957800521899,-0.845596479869537,0
1350,7.093650692378361,0.3523081107043621,0
1351,5.1384482917312155,8.617974700535745,1
1352,8.574720989230844,0.4344719646429561,0
1353,6.976804142489934,0.5784870062168965,0
1354,9.457666423821848,-0.7505806746143149,0
1355,7.417222579728247,1.0557281026156713,0
1356,8.122921828993675,-1.220468016963035,0
1357,8.63452686384869,-0.36536772818350205,0
1358,6.397769007252814,7.029923118404685,1
1359,7.582585509895369,0.7005046983741652,0
1360,5.116523577272478,7.813061818070413,1
1361,7.987379213427566,-0.3073904288772368,0
1362,8.45985941558865,-0.4619819617793903,0
1363,7.140477508894828,0.48229460633997473,0
1364,5.528646992297161,8.509323750929926,1
1365,6.431328349638087,8.127405975147079,1
1366,10.117532038604809,-0.531837244914657,0
1367,8.063861942973103,6.939633625441263,1
1368,8.362776843298425,-0.21258014882624593,0
1369,6.020830209946413,7.0879669847036535,1
1370,7.846124298393662,0.6277102322042302,0
1371,8.57772490479441,-1.8902723796797303,0
1372,5.5253126743121035,6.837812821765878,1
1373,7.985924249533545,0.3337749691849682,0
1374,5.560478355417878,6.960443002702005,1
1375,6.758880906402408,1.0023587430263023,0
1376,6.837227433704795,8.014543849227374,1
1377,8.518513360791705,1.4269443313843286,0
1378,6.541774859551387,6.826816134671777,1
1379,6.578511109852138,-0.6002768321354469,0
1380,8.425165449187299,1.1257886450734305,0
1381,7.446704567637489,0.036226696008973686,0
1382,6.550212658548071,8.602175663224426,1
1383,5.0407267179788,6.251702412711889,1
1384,8.115675526155908,-0.16524192284285233,0
1385,7.393489926984794,8.691452770405562,1
1386,7.424665746985543,7.847725163157748,1
1387,7.437899417494131,0.4463367360329494,0
1388,6.28208796526714,-1.0559773699107156,0
1389,6.855683917627772,-0.15675859265566372,0
1390,6.890838834836795,-1.3790322672538335,0
1391,8.211745499307018,-0.02468213432196026,0
1392,4.635139143401186,7.176760786136299,1
1393,6.81290687182192,-1.6934942422770498,0
1394,8.593371511654622,5.644857866812878,1
1395,9.239058472827956,-0.19075275999902902,0
1396,7.250304682806173,0.44590040243134643,0
1397,7.638257564535473,-0.31425695459197533,0
1398,7.521684379168209,1.0022171213191111,0
1399,7.589168211755821,7.639496788976924,1
1400,7.661253198651634,6.737392509314176,1
1401,7.0021448156099915,7.068640145874928,1
1402,6.300161874323507,8.063329524023942,1
1403,6.403268694566093,8.662695237384535,1
1404,6.590102397443077,-0.18120845326079627,0
1405,6.5014870150308885,0.21018834081356735,0
1406,6.823663965210402,8.684843193227277,1
1407,6.972522839782645,7.442407857392459,1
1408,7.077339659219067,1.7814282540745316,0
1409,6.022721308190471,7.243929568363921,1
1410,5.41983624730543,6.838593167851717,1
1411,7.875625398647749,6.937277318920672,1
1412,4.953916907264675,7.2392817937030225,1
1413,5.047548583012788,6.575909391782182,1
1414,5.278721941218455,8.097147644897278,1
1415,5.9535529814349655,6.705675975104482,1
1416,7.574534325475158,9.590705865589435,1
1417,6.742377567464929,7.498905464462343,1
1418,7.1209328027996035,7.277054966277228,1
1419,7.019591873467958,6.780548154221215,1
1420,8.798433506323555,0.5644585605996579,0
1421,5.347828518393506,7.96272899173285,1
1422,6.543219233972427,8.610119694811461,1
1423,4.85452502446424,6.726119456214519,1
1424,6.185012634978242,7.8910272937172845,1
1425,7.273316946960494,7.029289453206358,1
1426,7.249319049478773,0.09363174405796246,0
1427,6.684994734027071,6.8697361284358704,1
1428,7.481600886556154,7.438195147450931,1
1429,6.868470635258529,-0.5980900556070823,0
1430,6.444190906567883,0.9623955643205554,0
1431,5.385684383350285,7.848622942220527,1
1432,5.472187613734781,6.440018552533556,1
1433,8.469828290395638,-0.5218797288772363,0
1434,7.736629649934415,0.42554862934480586,0
1435,8.954318792945498,0.11010617525627328,0
1436,5.959973796779117,0.5276032802647219,0
1437,6.167806140556191,0.19913564366549275,0
1438,4.963082815696692,8.259534220652101,1
1439,6.4561900633695775,-1.6124998359483462,0
1440,6.923405218141666,8.906277315126315,1
1441,7.980142271873206,7.428979049795532,1
1442,7.982403048240815,7.4652403220159815,1
1443,5.772663582483379,6.751308565487075,1
1444,5.826327518796542,7.5377623530200095,1
1445,5.866124834228195,0.42541344061601516,0
1446,8.931355283018506,0.1509987705114245,0
1447,6.254362056358669,0.6851684378579741,0
1448,5.832297170437277,8.325627837352426,1
1449,8.731805672228317,-1.4590027381559187,0
1450,8.820542581415644,-1.1302695573752972,0
1451,4.502725672002502,7.3995252884574825,1
1452,7.167170624408787,-0.8079014149093717,0
1453,7.4386903305715615,-0.8385671962674943,0
1454,4.898145124898177,-0.6138588086625298,0
1455,8.792937110463168,-0.25532139200225384,0
1456,9.523559769142897,-1.1836125632143555,0
1457,5.134230453078079,8.049106318874442,1
1458,7.7695211621215625,0.7533039588814319,0
1459,8.216395614303948,1.4018700960572614,0
1460,8.328526377667588,-0.13702928348326454,0
1461,6.105836256191697,6.976961506535481,1
1462,6.6276277941943835,1.1592654577090002,0
1463,6.9294311012284515,0.9727668014669133,0
1464,8.283899887684768,-0.3053556987573953,0
1465,7.557112850241472,-1.6841259030776339,0
1466,6.8200233595898645,7.575322734134954,1
1467,6.706893463649607,-2.1743093134211495,0
1468,8.108455956940963,-0.2865586545436989,0
1469,5.190976009308437,5.863896753583777,1
1470,6.875425751177073,5.11962255252114,1
1471,7.653912995827267,0.6858345343182983,0
1472,6.107643282749922,6.80149288094003,1
1473,8.294297955476882,6.870071770204267,1
1474,7.930471577785499,-1.7868742761470424,0
1475,6.277186284478114,5.520948219204143,1
1476,3.621341142527703,7.081261578923415,1
1477,8.484676182562701,-1.4611131723409136,0
1478,8.05727455186056,-0.3501349487467248,0
1479,7.182489920497429,8.851846709160233,1
1480,8.727191063417148,-0.7626783293822275,0
1481,6.293040253781635,8.15835428165125,1
1482,7.483259788892736,-0.9220317008397765,0
1483,5.922478191101981,6.957320080205716,1
1484,7.910141487863211,0.36409444523792844,0
1485,7.74029521103828,7.600367189194395,1
1486,7.941836562792119,0.6526571064243629,0
1487,9.197743434504043,-0.872285392191261,0
1488,6.4565314758981955,9.033303363955568,1
1489,8.868718716664262,0.9070341444986478,0
1490,8.313267853912974,-0.43560165628876024,0
1491,5.355435012083238,8.571951262043964,1
1492,8.751705980005347,-2.040151005140631,0
1493,5.750522604355071,6.737929055530213,1
1494,4.565602944769888,6.790441760074809,1
1495,7.40511404090288,0.5915572790927293,0
1496,9.001252483374163,-0.7964809227554024,0
1497,7.153800222619368,8.687724553959436,1
1498,6.81956648009484,0.16650698869109176,0
1499,5.872538504713858,5.534795216449113,1
1500,5.153646356938136,8.688698026982996,1
1501,8.022098470658321,-0.23800761897746536,0
1502,6.385617272582936,1.7125394211445948,0
1503,4.868430912423093,8.735881943450009,1
1504,6.493060122265288,5.8000520792850985,1
1505,8.18270263873423,0.9831737152591529,0
1506,6.178839036911279,5.704817666147944,1
1507,7.967771122187381,-1.0302056810044584,0
1508,7.301960950962762,8.33149072314808,1
1509,6.73355689491157,7.073829981129688,1
1510,4.986657739890475,6.665315059586848,1
1511,6.7491284225036265,7.874427959481317,1
1512,7.530597494689282,0.41896735271364816,0
1513,9.15246016116558,1.589666118584079,0
1514,6.351614649461787,6.1640284362199,1
1515,7.488081654536523,1.3397050140369806,0
1516,7.835148892992119,2.5250765684890917,0
1517,5.472657250910691,9.0002421319069,1
1518,7.761949143181142,-0.882659089607527,0
1519,7.910478656512986,-0.04776096045026984,0
1520,7.034296075797546,6.545961853314452,1
1521,3.6596148641737813,7.156012291775091,1
1522,5.416082424885858,8.203285442710227,1
1523,8.063805343951291,1.1213675617026952,0
1524,9.518452010135709,0.1334962696262097,0
1525,7.350325013314402,0.850747907692253,0
1526,6.745110643724456,6.478767778627825,1
1527,5.850119700191193,7.3771503549396655,1
1528,8.045556382198976,1.3424926666759207,0
1529,5.14032336083099,7.229066179789433,1
1530,8.810327261930498,-0.33105787483204185,0
1531,5.982112520481151,7.234751417185001,1
1532,7.1081024601592455,0.4914504130488225,0
1533,6.785927089417873,9.83489114485335,1
1534,5.783981725950452,6.936788224745012,1
1535,5.651018480365245,7.764218657410728,1
1536,5.726102283281291,-0.43331279892668306,0
1537,5.827919640479851,4.777708638422707,1
1538,5.074211411604741,8.011962711777718,1
1539,6.4008150260234,0.7028680010125925,0
1540,6.813584598568688,-0.8217800034028346,0
1541,6.257987881484772,8.117152537290238,1
1542,7.392183694762955,0.7084144605275874,0
1543,6.852257593915658,9.257580814296341,1
1544,7.30228283090167,1.1383551282574014,0
1545,5.719346726003815,9.206459445365079,1
1546,5.996184056147583,7.47777458421654,1
1547,6.772065079847691,7.882243754257375,1
1548,6.1881721425631095,0.6654114674530347,0
1549,3.629252415971126,6.7437722352246405,1
1550,4.798305824773227,6.9303469226422445,1
1551,7.52991478576707,5.886818927360318,1
1552,6.572435737824725,-0.17867502524932222,0
1553,8.00137072870599,1.7756991878825623,0
1554,6.658941720733981,9.234857071049339,1
1555,7.542258269382335,9.707360689646706,1
1556,4.861418565979158,6.388748525328116,1
1557,7.401422830751059,6.297130723539378,1
1558,6.209401272873798,6.6709276662132515,1
1559,7.527837390110742,5.9251828716422414,1
1560,5.868875108239302,6.12082564794538,1
1561,6.44738993089137,6.586676926850869,1
1562,8.529395252894263,2.033325300037504,0
1563,8.642317728210813,1.5900569803154148,0
1564,5.6880936802492625,6.080078646197255,1
1565,5.114880694184671,8.701181537466232,1
1566,8.647194191737675,7.48239758846125,1
1567,7.9483944810092915,7.219139782359199,1
1568,7.274307610926527,0.43076017155679913,0
1569,5.866280861306664,8.094726979632236,1
1570,9.33387628922646,1.8818558938543306,0
1571,7.637375119379136,8.08586274318379,1
1572,7.56330028707285,0.17219143128656797,0
1573,5.319224361356305,8.591015316918039,1
1574,8.378378587612527,-0.28570355839938966,0
1575,6.744422829930889,8.981485814581925,1
1576,6.619872359114393,7.296886598417662,1
1577,5.604094637935195,6.643675232033821,1
1578,5.465573458718609,7.436301754863816,1
1579,6.729478308633943,0.6200522092555925,0
1580,7.133653149695263,8.927740088223818,1
1581,5.947613181297077,1.421633044663897,0
1582,6.465021149454307,6.481370810803406,1
1583,8.657247754047653,-0.9504204852843814,0
1584,7.797215583337053,-0.39663081080359563,0
1585,8.063649438891023,2.655524297429128,0
1586,8.761682693571949,1.1436077565625147,0
1587,8.066684046471309,0.00024000787257724698,0
1588,6.573883254191608,6.341377947127004,1
1589,7.964723283657258,1.4651187847804261,0
1590,6.723312762002585,4.7260828973891265,1
1591,7.90447726835944,6.508589616876286,1
1592,8.16676798040611,8.104250645183264,1
1593,7.788655229158515,8.365614782090812,1
1594,5.426836951323393,8.917781381656392,1
1595,4.06076531276752,7.751526767035006,1
1596,8.90005957376724,-0.9036473424137801,0
1597,8.445280699548471,1.8143486568292764,0
1598,6.445499963030841,6.196438015495816,1
1599,6.2259581461137525,5.811012185313341,1
1600,6.963959197374199,0.8943678995829827,0
1601,8.816537690500832,-0.3844992277627852,0
1602,6.911381812388153,6.364387058388443,1
1603,4.89720521551645,0.31706391991247174,0
1604,7.846343929538517,1.4102633675639198,0
1605,7.143892885227606,6.974820168081992,1
1606,7.651290219952351,-0.8513287983836413,0
1607,6.000360416498524,7.61718561152031,1
1608,7.021360779886656,6.347771075744738,1
1609,7.412803147982401,-0.9166893694804539,0
1610,7.742607226772184,0.3693322797437696,0
1611,8.99289577975929,-0.20854245766365687,0
1612,5.779154207980533,6.811172696087516,1
1613,6.378571933240758,7.216980906338867,1
1614,8.278359102324087,0.06009923586699514,0
1615,7.570300894624331,-1.8399543703227734,0
1616,6.525548853038309,8.244265372874208,1
1617,5.937202018844402,2.2660468531678943,0
1618,6.559230591347066,8.063068608819847,1
1619,5.759162327507977,8.449959496721515,1
1620,8.713844841631532,0.8826314841740347,0
1621,8.032562853758684,0.6684223952657333,0
1622,6.338921495019015,0.6313440510570287,0
1623,7.763537057354665,-0.4775487756672834,0
1624,7.7024617354755875,1.5561162371316877,0
1625,7.274180196447445,0.34862366165844694,0
1626,7.454072173321297,8.29319048828578,1
1627,8.333638127188623,6.697311497042844,1
1628,6.273559653848029,8.310368377911868,1
1629,7.390005200194454,0.8716651005223428,0
1630,7.896524850539533,0.19603099732587564,0
1631,7.621271724230331,8.84464523277952,1
1632,9.241057552065836,-0.441918877313101,0
1633,7.0845964937583155,-0.6405798859118705,0
1634,7.210929990551335,0.2752131022431307,0
1635,8.045832448419327,6.211300995917458,1
1636,6.937300197253656,7.820570020828189,1
1637,6.050669523161035,7.059405822498697,1
1638,7.90700704320696,0.7507545792391731,0
1639,7.1274430113593406,7.582996946458683,1
1640,6.7882007473210235,7.990068846711694,1
1641,7.176468550454025,8.531013322980046,1
1642,7.821176730060227,0.399305157236029,0
1643,6.058160879236031,7.798031103748287,1
1644,6.717412595768535,7.947341730053174,1
1645,7.20243975383437,8.741406924029059,1
1646,5.231715500261403,7.938117337039569,1
1647,4.623221401625572,8.361996883071281,1
1648,8.247091241978335,0.9514938973799394,0
1649,6.8884301962025,6.87624023820791,1
1650,6.885300655961182,1.8407929788813706,0
1651,6.682598219774965,-1.150178066444802,0
1652,5.06701737445231,8.718539961447824,1
1653,6.74812896248706,7.803672869804671,1
1654,6.205418968645386,6.3293863360433456,1
1655,7.651294403175055,-0.5463734671536843,0
1656,8.561875606266971,0.26847811415865896,0
1657,6.386498250512865,0.3378978840268846,0
1658,6.7005223866091335,1.3686221939154388,0
1659,5.720348958313112,6.19451003890962,1
1660,6.751628483359088,7.3565319518902,1
1661,9.092544562530653,-0.26407511993361527,0
1662,6.782812598422293,7.844848547853667,1
1663,7.163558812214581,0.39497593528546404,0
1664,7.6009339614733,-0.15466095354822507,0
1665,5.808516368529608,8.503613948830735,1
1666,6.967750289181501,7.752232058383177,1
1667,5.905472360209303,6.352449567051298,1
1668,5.391197080353767,7.818361924966927,1
1669,7.498627971977881,0.012730744445720699,0
1670,7.132058769276146,9.491798731853788,1
1671,6.780255094885583,5.989974976533488,1
1672,8.065819389920488,-1.0055807664494196,0
1673,8.930387991811347,0.3901668721630648,0
1674,7.429533724639251,8.888804758676706,1
1675,8.597574036160003,-1.1793030410171264,0
1676,5.144584014584844,9.310155926351968,1
1677,6.01752768177078,8.020632760855325,1
1678,4.460636689957263,8.885161213697197,1
1679,7.047702233128042,-0.7680248919105455,0
1680,6.371871397969483,6.666435769751987,1
1681,9.452973524842847,0.7548451908712828,0
1682,6.153065441637355,9.722888227153607,1
1683,5.825204766233668,0.7353317523969878,0
1684,7.817949840916062,0.2739433117129545,0
1685,7.1915402635060754,6.144318185005777,1
1686,7.374943815917945,6.748832251727888,1
1687,6.810003702393954,7.482228026677873,1
1688,7.8621671336443475,0.5226306618156817,0
1689,9.44159501817676,-0.026223104881603287,0
1690,8.753184390394617,-0.2831200269872596,0
1691,7.862557944309126,-0.3853254269354641,0
1692,6.498092833499091,0.7390807333805016,0
1693,6.907345360568605,6.819097915253511,1
1694,7.398389142915667,-0.05761827829674837,0
1695,7.320508746386554,6.001576867327042,1
1696,9.334304155278323,-0.6287814489853633,0
1697,8.090603438094512,-0.29913988749336917,0
1698,8.559881356073273,0.3569749881958725,0
1699,7.006104292551575,5.845063055443642,1
1700,8.082422443964216,1.1122934148518324,0
1701,10.393116740646775,-0.8960026376672112,0
1702,6.480015367448123,9.211605291114068,1
1703,7.061365825877508,0.17829745256895937,0
1704,5.499469315584495,6.579911902221992,1
1705,4.808562225719943,7.687701562636165,1
1706,7.373257810666441,0.9446984747146376,0
1707,8.028590740480317,1.3453189605457605,0
1708,6.853582247630742,7.256802460707967,1
1709,7.2357175116439665,8.775574762890521,1
1710,5.545707892348841,6.819541043693911,1
1711,5.861648483573611,7.815618683681312,1
1712,6.651682319155826,9.262031314050114,1
1713,7.638065667431754,0.10781061836279696,0
1714,4.346428181956422,6.374871438414041,1
1715,6.047433798023937,7.650412596029046,1
1716,6.101395043613319,6.6251736177825,1
1717,6.5645765173226724,0.22753495294875467,0
1718,5.775093948470083,6.284057231837021,1
1719,7.9026262749568525,0.2522941790109642,0
1720,7.441958444701679,0.8207236784536541,0
1721,6.696357173444547,0.6931192639827382,0
1722,7.205676439221991,-0.15152432969096102,0
1723,8.369270459478884,1.9456055093379545,0
1724,8.528322217416152,1.524601993521697,0
1725,8.054659734658182,2.16803614449379,0
1726,7.540070341662504,1.387600249298155,0
1727,5.1651587850928795,8.369875387025827,1
1728,7.767983834603178,-0.327287502206304,0
1729,7.681292990615094,6.229398870704433,1
1730,7.686283793320273,-1.359928512627161,0
1731,8.075013112459619,0.8108004479287906,0
1732,6.294291834745143,6.725577632610882,1
1733,6.43903802587591,0.6996872426087282,0
1734,5.212641092853576,7.738520655927356,1
1735,5.270086120278097,7.0434094322302325,1
1736,4.9208092194601,6.531526989884228,1
1737,7.390842940428497,-0.4582462375903088,0
1738,7.592768683691775,0.08846424910752779,0
1739,8.19622256248593,1.1844255242808168,0
1740,7.16097115608958,1.0451564140298153,0
1741,8.98825553360081,-0.12131254640601108,0
1742,6.208179684979163,0.684665142117856,0
1743,8.394164766387986,7.406267621175544,1
1744,5.4088824458997244,7.580082437743886,1
1745,5.367084196588795,6.7683883667945475,1
1746,7.555089703032068,-0.24879568556710463,0
1747,7.452966547095227,1.0221740129858774,0
1748,6.852605488453391,6.885165373675767,1
1749,4.7581216255857885,8.06378577462187,1
1750,7.99324555062174,-0.2824630870454816,0
1751,6.064918079112163,8.733097571747724,1
1752,4.571118992636296,8.132013893628635,1
1753,8.073461665301267,-0.7879615520717359,0
1754,7.546805739948999,0.47709191701289116,0
1755,7.379790284281826,5.299312258827203,1
1756,6.607276130010011,-0.3636703857100091,0
1757,6.420698282348299,7.5564578673758325,1
1758,6.598797510273879,0.26667052047964823,0
1759,7.614590140047007,-0.003502699651509733,0
1760,7.6371822583230795,7.723386321750653,1
1761,8.762436904106467,-1.291643088468656,0
1762,5.604770635557826,7.865207899515839,1
1763,7.812355648502703,1.6055158706875903,0
1764,7.780200054218202,0.8433272310425697,0
1765,7.358379574848938,8.120325866460785,1
1766,6.473476732472202,6.903267909669164,1
1767,5.229832990778088,7.888213929847167,1
1768,8.982897714340753,1.604857470211351,0
1769,5.919745183872053,8.235099147826515,1
1770,6.554488772251192,0.6472521677975662,0
1771,6.714437625399242,7.219143716728407,1
1772,7.069779913950347,6.578208195624892,1
1773,7.375189247327673,5.1006780093708555,1
1774,6.132968707619016,-0.7221447303283326,0
1775,8.366868746997378,-1.9690891410589866,0
1776,7.878821044106699,8.24124929342684,1
1777,7.218711594885106,2.2642614235203795,0
1778,7.752123450120582,-1.2241145976996353,0
1779,7.186598398620137,-0.2482624078862415,0
1780,5.492116711278875,6.939834156779111,1
1781,8.639313369337088,0.15946207775030619,0
1782,7.496681500803508,-0.9716850087221216,0
1783,7.380105270529625,-0.5838712773734288,0
1784,8.028732135246827,5.378340990828543,1
1785,7.284903024987774,-0.547896340216402,0
1786,7.1889924717904545,6.538610837101349,1
1787,6.490164266714315,7.62201786550222,1
1788,6.570562666774263,7.395821417619403,1
1789,5.895030027511195,0.07199566246403866,0
1790,6.883695417745891,7.502663408080504,1
1791,6.0459230966505855,8.810205684317346,1
1792,5.4161222427987825,7.852036029637792,1
1793,9.821244441159147,1.1192278605742645,0
1794,4.508805088337829,1.6702304862625192,0
1795,8.095693604929162,6.764897616134531,1
1796,5.505931754539046,8.371980939130026,1
1797,7.941189222431527,9.726081634660687,1
1798,7.3238718822856494,7.613158737485061,1
1799,8.589510026746709,8.7906565382093,1
1800,8.75837593774525,0.12758425645820193,0
1801,9.48841009770355,0.5967667661704595,0
1802,6.464121722296519,8.012254177429172,1
1803,9.35796756454083,0.9309486902096943,0
1804,4.91355371281156,7.64201332181799,1
1805,8.242396700477281,-0.6886243428755857,0
1806,4.733895407549956,5.978340125937401,1
1807,4.70373797201221,6.1489966493310115,1
1808,7.075169356304508,7.892490262742259,1
1809,9.621581046265995,0.12699367842659015,0
1810,8.174094885066326,0.8698935053186481,0
1811,7.307476905018367,0.98929468396963,0
1812,6.558467999940742,10.113144793758783,1
1813,7.008295539193683,1.0695453428310406,0
1814,6.292325917513225,-0.47142728102602593,0
1815,6.38048117414876,-5.043143184799148e-05,0
1816,6.198130753317431,-0.3311990381833114,0
1817,5.891253976777696,6.414182308401014,1
1818,8.668791073410905,6.451464635191217,1
1819,5.166793663398169,9.080796512044525,1
1820,6.064271634382776,7.732951745868209,1
1821,5.014314873906072,7.611967305714742,1
1822,7.326082932848189,0.728829015097072,0
1823,7.745436659404364,-1.062795016061848,0
1824,7.782007903409693,1.619583798017659,0
1825,4.519241715767575,7.130947594642791,1
1826,6.872746032885294,2.035129701143424,0
1827,5.1051556821803885,7.273126048734708,1
1828,7.925379637742957,-0.5367968504320006,0
1829,7.725303690453954,5.860704114819335,1
1830,4.33920928735834,8.391213275245264,1
1831,8.71477327478985,6.146469281179701,1
1832,5.942867125729382,0.15737885803732038,0
1833,6.176386326405276,7.7115715282269495,1
1834,6.368614570841388,7.417883684008025,1
1835,6.8531673635253965,6.751868746531925,1
1836,6.190360679783916,-0.5708841063953414,0
1837,5.966937584340128,9.482330554893748,1
1838,5.50041110764576,6.832112790211589,1
1839,6.337423513625313,-0.049096473472828916,0
1840,6.030658718040642,6.829323897792388,1
1841,6.73114315803417,-0.04294132555458596,0
1842,8.327184471164665,0.09030602171683189,0
1843,5.2095397925919364,-0.22407435089740346,0
1844,7.5562475795779935,7.3784449629416375,1
1845,6.366470129993566,6.5121430691332955,1
1846,4.093608791276214,7.7775661597949295,1
1847,7.602125990040162,0.1686383604977009,0
1848,6.905689884012647,7.522201864606672,1
1849,7.555532519830951,7.438667783750907,1
1850,5.585067170197915,6.128903093282853,1
1851,6.831517161142465,8.518856032220567,1
1852,5.502452020948059,0.46430932861352964,0
1853,4.480897093128989,8.45170215515981,1
1854,5.365569270587823,8.879490096202638,1
1855,9.791327332801917,7.467612124591864,1
1856,8.588182860213298,-0.3694508242312332,0
1857,4.569633082600081,8.39643453054919,1
1858,7.632661264535886,-1.0133227618197895,0
1859,6.432833669425234,8.608641125396773,1
1860,8.317863680774245,-2.2937915119905243,0
1861,7.979276596668011,2.592486824305112,0
1862,5.162676230180114,5.0185444937293475,1
1863,7.189032609367547,-0.2110545295168687,0
1864,7.471967615932036,-1.7093671003601891,0
1865,7.63660142594812,-0.456717834685183,0
1866,6.728619784650956,1.6934989076329248,0
1867,5.266251803853435,6.563646323136064,1
1868,6.146232301278175,7.912974970439239,1
1869,6.466452992163559,8.41730528242647,1
1870,8.152141804044035,-0.21003475378062803,0
1871,7.946002779073814,0.5066948887492425,0
1872,5.284109017616486,7.637128427190842,1
1873,7.736153374869133,8.77005427776323,1
1874,8.67456584033493,0.054669249191881875,0
1875,8.901343638951833,0.15037427696413594,0
1876,8.231416082840065,0.8407622484451003,0
1877,4.99497309945344,9.389753746599398,1
1878,6.875550570871781,7.259318365547132,1
1879,5.714894437993335,6.785526703767889,1
1880,3.9413416415516163,6.312957150479297,1
1881,6.478318387597317,6.414392166477894,1
1882,7.9737357878856026,0.4056994079705088,0
1883,7.642614108505957,1.0103704157350704,0
1884,8.419765086650143,0.2845571040393572,0
1885,6.458815041178938,6.754418108807677,1
1886,6.387840560919562,0.22606762937971042,0
1887,8.734094545718328,0.5593269226466714,0
1888,5.442047283623428,7.969727240616307,1
1889,8.251475081001965,0.4027122897112053,0
1890,8.113416420919808,-0.13011284349151597,0
1891,5.919524432015359,7.689832810420399,1
1892,6.808811536970543,8.489724937780547,1
1893,7.575941974778439,8.503338491143943,1
1894,6.1659010417499305,1.5523260042222453,0
1895,8.625216069631787,0.5428514512377489,0
1896,5.945800798870171,7.464231643517513,1
1897,8.316570916766768,0.974478813742892,0
1898,4.885203248376905,7.193695929982984,1
1899,4.569845151756012,7.869744226165322,1
1900,7.0932605328961555,1.4255796028311027,0
1901,6.8688639570938825,-0.3740861733049742,0
1902,5.847755482466753,7.406365415003101,1
1903,7.773934256212859,0.1844783052207669,0
1904,8.247442939890744,0.501224614628906,0
1905,8.366875030785756,-0.4918061369251857,0
1906,7.247222543052528,0.27528675679486936,0
1907,7.7174231571866905,2.1765636878982537,0
1908,7.717497863601493,0.03291928300107372,0
1909,4.595297771774678,7.563603298385155,1
1910,9.007935438698706,1.7168924521399334,0
1911,6.616703887244474,7.59075416680335,1
1912,6.717259470410945,1.7354096684180227,0
1913,5.874244082311774,7.629583424580323,1
1914,6.2726489414451025,7.016253420687577,1
1915,6.300257167127281,5.720660487497752,1
1916,5.895752116784232,6.145243951288963,1
1917,4.49683731489179,9.568172542363495,1
1918,7.848026563286597,0.9519829155003873,0
1919,6.418297864145934,0.8834545262073464,0
1920,7.445889243993891,-0.34178952051146394,0
1921,6.299173344876884,6.5713850496850394,1
1922,9.698592178756849,1.6546850942622373,0
1923,7.39412675370347,-1.253894148718052,0
1924,6.402841021784442,7.837787596761857,1
1925,6.535125520813571,8.485458456046322,1
1926,7.72398786166609,-0.6987273271298294,0
1927,7.159888005070996,-0.8986037426888613,0
1928,10.107910097551995,1.1249784311044442,0
1929,6.702834444793181,7.32808405643425,1
1930,6.2445668380051,6.798189805182103,1
1931,8.15901005043312,6.520325291064477,1
1932,6.802659060312629,8.252901114256243,1
1933,4.700961237722,6.675357797977579,1
1934,5.835799542465742,7.619571863904915,1
1935,7.817336842264407,6.087577680396237,1
1936,6.181449147817401,7.219575437950745,1
1937,6.534868500563929,0.9487068991021848,0
1938,6.181093922170423,7.851181646260632,1
1939,7.266418792006504,0.39170393986738844,0
1940,7.274635484667522,8.284013038752192,1
1941,8.084309521813235,7.577774723512344,1
1942,7.288995011876941,0.15666984349644364,0
1943,7.459539710837642,1.4623993337887784,0
1944,5.893852863770446,8.773969503693248,1
1945,7.204581810238223,7.691378217635663,1
1946,6.414604644993078,-0.11589222394138204,0
1947,8.519597426471593,0.9570676381915405,0
1948,5.771040592293652,6.44031098902626,1
1949,7.425152056372202,-0.6403896397485962,0
1950,7.933703331614205,-1.1655946910610746,0
1951,7.635594736736636,-1.6378068726449613,0
1952,8.507891707004235,-0.28562124784693016,0
1953,6.672951064546007,9.105144533813908,1
1954,6.672683819542609,8.299049760004733,1
1955,8.361735847709172,0.1830909546074074,0
1956,4.0867274768251045,7.672209839793751,1
1957,5.7125051375646985,7.878237852980862,1
1958,7.418548356427612,0.02059818770209912,0
1959,6.52272541591551,7.541057604650055,1
1960,7.247913232000558,0.03610215932329652,0
1961,5.879924025239388,0.491818901354723,0
1962,7.45024029545808,-0.7958684500917235,0
1963,6.272634131191237,0.292502365439119,0
1964,6.52880905692898,4.658570947717505,1
1965,5.939199760021806,6.782080179822393,1
1966,7.001111526939834,7.638337534021175,1
1967,9.013475487613583,-0.9385763327440892,0
1968,7.266115489418134,6.5153803478126315,1
1969,6.229282401928944,6.325359132167071,1
1970,6.46157171916924,7.914357437745349,1
1971,10.03233375029494,0.5161871667818088,0
1972,6.063012912639591,7.070270491297974,1
1973,7.631170469548067,6.753434647499425,1
1974,8.505445915934677,-0.5835824595040788,0
1975,6.487148915521652,7.081833914655144,1
1976,6.296715270706843,6.0945990190485055,1
1977,6.0286966987414665,6.5949979970706085,1
1978,6.2270301809668105,9.190907166601443,1
1979,7.906142416836586,0.21154440558195325,0
1980,6.582731145528118,-1.7337801874284129,0
1981,6.349457957440667,7.126903172251689,1
1982,4.967133465750225,7.420433248476729,1
1983,8.777335078701318,0.18625457488345554,0
1984,7.515135709010661,7.2425563587678825,1
1985,4.456725034096529,4.6256571732870615,1
1986,6.544278309699502,8.227345973539714,1
1987,7.566865627183057,1.2659561360999472,0
1988,6.552505571335462,7.595089438834016,1
1989,7.060945074125314,1.630372838844887,0
1990,7.478124202858446,-1.0533083120601257,0
1991,6.61265573842955,8.015265531441543,1
1992,8.124808844730302,0.49532992788874336,0
1993,4.396100417976218,7.218201749500502,1
1994,8.681016848818652,-0.6670055510983836,0
1995,5.8570209520563115,-0.015254205508984653,0
1996,7.549254579975232,6.050091014557079,1
1997,8.206500885750852,0.43977649273454844,0
1998,7.276851245209323,8.01747047723103,1
1999,7.018211946305529,-0.10966277992983986,0
